"Product Code","Product Name",Variant,Expected,Counted
04349666,"Rynox Tornado Pro Riding Jacket Version 4 Black Hi Viz Green",S,0.0000,
04349666,"Rynox Tornado Pro Riding Jacket Version 4 Black Hi Viz Green",M,0.0000,
04349666,"Rynox Tornado Pro Riding Jacket Version 4 Black Hi Viz Green",L,0.0000,
04349666,"Rynox Tornado Pro Riding Jacket Version 4 Black Hi Viz Green",XL,0.0000,
04349666,"Rynox Tornado Pro Riding Jacket Version 4 Black Hi Viz Green",2XL,0.0000,
05236428,"Rynox Storm Evo 3 Gloves Black Hi Viz Green",S,0.0000,
05236428,"Rynox Storm Evo 3 Gloves Black Hi Viz Green",M,0.0000,
05236428,"Rynox Storm Evo 3 Gloves Black Hi Viz Green",L,1.0000,
05236428,"Rynox Storm Evo 3 Gloves Black Hi Viz Green",XL,1.0000,
05236428,"Rynox Storm Evo 3 Gloves Black Hi Viz Green",2XL,0.0000,
05939110,"Rynox Urban Gloves Brown",S,0.0000,
05939110,"Rynox Urban Gloves Brown",M,0.0000,
05939110,"Rynox Urban Gloves Brown",L,0.0000,
05939110,"Rynox Urban Gloves Brown",XL,0.0000,
05939110,"Rynox Urban Gloves Brown",2XL,0.0000,
06923785,"Rynox Helium GT Gloves Black Hi Viz Green",S,0.0000,
06923785,"Rynox Helium GT Gloves Black Hi Viz Green",M,0.0000,
06923785,"Rynox Helium GT Gloves Black Hi Viz Green",L,0.0000,
06923785,"Rynox Helium GT Gloves Black Hi Viz Green",XL,0.0000,
06923785,"Rynox Helium GT Gloves Black Hi Viz Green",2XL,0.0000,
08753679,"Rynox Urban X Gloves",S,0.0000,
08753679,"Rynox Urban X Gloves",M,2.0000,
08753679,"Rynox Urban X Gloves",L,1.0000,
08753679,"Rynox Urban X Gloves",XL,2.0000,
08753679,"Rynox Urban X Gloves",2XL,0.0000,
08998025,"Rynox Riding Pants Stealth Evo Black",S,0.0000,
08998025,"Rynox Riding Pants Stealth Evo Black",M,1.0000,
08998025,"Rynox Riding Pants Stealth Evo Black",L,0.0000,
08998025,"Rynox Riding Pants Stealth Evo Black",XL,1.0000,
08998025,"Rynox Riding Pants Stealth Evo Black",2XL,0.0000,
08998025,"Rynox Riding Pants Stealth Evo Black",3XL,0.0000,
09407751,"Rynox Riding Jacket Air GT V3.0 Black White",S,0.0000,
09407751,"Rynox Riding Jacket Air GT V3.0 Black White",M,0.0000,
09407751,"Rynox Riding Jacket Air GT V3.0 Black White",L,0.0000,
09407751,"Rynox Riding Jacket Air GT V3.0 Black White",XL,0.0000,
09407751,"Rynox Riding Jacket Air GT V3.0 Black White",2XL,-1.0000,
09407751,"Rynox Riding Jacket Air GT V3.0 Black White",3XL,0.0000,
09407751,"Rynox Riding Jacket Air GT V3.0 Black White",4XL,1.0000,
09407751,"Rynox Riding Jacket Air GT V3.0 Black White",5XL,0.0000,
09755943,"Rynox Urban Gloves Black",S,1.0000,
09755943,"Rynox Urban Gloves Black",M,0.0000,
09755943,"Rynox Urban Gloves Black",L,0.0000,
09755943,"Rynox Urban Gloves Black",XL,0.0000,
09755943,"Rynox Urban Gloves Black",2XL,0.0000,
09904267,"Rynox Ceros Chest Protector",,0.0000,
11601193,"Rynox Gripper Reflective Bungee Strap Black",,5.0000,
12536028,"Rynox Urban X Riding Jacket Camo Blue Black",S,0.0000,
12536028,"Rynox Urban X Riding Jacket Camo Blue Black",M,0.0000,
12536028,"Rynox Urban X Riding Jacket Camo Blue Black",L,0.0000,
12536028,"Rynox Urban X Riding Jacket Camo Blue Black",XL,0.0000,
12536028,"Rynox Urban X Riding Jacket Camo Blue Black",2XL,0.0000,
12536028,"Rynox Urban X Riding Jacket Camo Blue Black",3XL,0.0000,
14727187,"Rynox Storm Evo Gloves Hi Viz Green",S,0.0000,
14727187,"Rynox Storm Evo Gloves Hi Viz Green",M,0.0000,
14727187,"Rynox Storm Evo Gloves Hi Viz Green",L,0.0000,
14727187,"Rynox Storm Evo Gloves Hi Viz Green",XL,0.0000,
14727187,"Rynox Storm Evo Gloves Hi Viz Green",2XL,0.0000,
15696556,"Rynox Riding Jacket Stealth Evo V3 Grey",S,0.0000,
15696556,"Rynox Riding Jacket Stealth Evo V3 Grey",M,1.0000,
15696556,"Rynox Riding Jacket Stealth Evo V3 Grey",L,1.0000,
15696556,"Rynox Riding Jacket Stealth Evo V3 Grey",XL,1.0000,
15696556,"Rynox Riding Jacket Stealth Evo V3 Grey",2XL,0.0000,
15696556,"Rynox Riding Jacket Stealth Evo V3 Grey",3XL,0.0000,
18874645,"Rynox Grab Waterproof Tailbag",,0.0000,
18907254,"Rynox Expedition Saddle Bag",,2.0000,
206175848,"Rynox Waistpack Aquapouch",,0.0000,
21366853,"Rynox Riding Jacket Stealth Evo V3 Black With Liners",S,0.0000,
21366853,"Rynox Riding Jacket Stealth Evo V3 Black With Liners",M,0.0000,
21366853,"Rynox Riding Jacket Stealth Evo V3 Black With Liners",L,0.0000,
21366853,"Rynox Riding Jacket Stealth Evo V3 Black With Liners",XL,0.0000,
21366853,"Rynox Riding Jacket Stealth Evo V3 Black With Liners",2XL,0.0000,
222280366,"Rynox Riding Pants Stealth Evo Grey",S,0.0000,
222280366,"Rynox Riding Pants Stealth Evo Grey",M,1.0000,
222280366,"Rynox Riding Pants Stealth Evo Grey",L,1.0000,
222280366,"Rynox Riding Pants Stealth Evo Grey",XL,1.0000,
222280366,"Rynox Riding Pants Stealth Evo Grey",2XL,0.0000,
222280366,"Rynox Riding Pants Stealth Evo Grey",3XL,0.0000,
23093151,"Rynox Tornado Pro Riding Jacket Version 4 Black White",S,0.0000,
23093151,"Rynox Tornado Pro Riding Jacket Version 4 Black White",M,0.0000,
23093151,"Rynox Tornado Pro Riding Jacket Version 4 Black White",L,0.0000,
23093151,"Rynox Tornado Pro Riding Jacket Version 4 Black White",XL,0.0000,
23093151,"Rynox Tornado Pro Riding Jacket Version 4 Black White",2XL,0.0000,
23093151,"Rynox Tornado Pro Riding Jacket Version 4 Black White",3XL,0.0000,
23093151,"Rynox Tornado Pro Riding Jacket Version 4 Black White",4XL,0.0000,
23093151,"Rynox Tornado Pro Riding Jacket Version 4 Black White",5XL,0.0000,
24944423,"Rynox Storm Evo Gloves Brown",S,0.0000,
24944423,"Rynox Storm Evo Gloves Brown",M,1.0000,
24944423,"Rynox Storm Evo Gloves Brown",L,0.0000,
24944423,"Rynox Storm Evo Gloves Brown",XL,0.0000,
24944423,"Rynox Storm Evo Gloves Brown",2XL,1.0000,
25933956,"Rynox Urban X Riding Jacket Camo Blue Grey",S,0.0000,
25933956,"Rynox Urban X Riding Jacket Camo Blue Grey",M,0.0000,
25933956,"Rynox Urban X Riding Jacket Camo Blue Grey",L,0.0000,
25933956,"Rynox Urban X Riding Jacket Camo Blue Grey",XL,0.0000,
25933956,"Rynox Urban X Riding Jacket Camo Blue Grey",2XL,0.0000,
25933956,"Rynox Urban X Riding Jacket Camo Blue Grey",3XL,0.0000,
26227658,"Rynox Helium GT Gloves Black Grey",S,0.0000,
26227658,"Rynox Helium GT Gloves Black Grey",M,1.0000,
26227658,"Rynox Helium GT Gloves Black Grey",L,1.0000,
26227658,"Rynox Helium GT Gloves Black Grey",XL,1.0000,
26227658,"Rynox Helium GT Gloves Black Grey",2XL,0.0000,
28608401,"Rynox Air GT Gloves Grey Hi-Viz Green",S,0.0000,
28608401,"Rynox Air GT Gloves Grey Hi-Viz Green",M,2.0000,
28608401,"Rynox Air GT Gloves Grey Hi-Viz Green",L,3.0000,
28608401,"Rynox Air GT Gloves Grey Hi-Viz Green",XL,2.0000,
28608401,"Rynox Air GT Gloves Grey Hi-Viz Green",2XL,0.0000,
30575557,"Rynox Helium GT Gloves Black Red",S,0.0000,
30575557,"Rynox Helium GT Gloves Black Red",M,0.0000,
30575557,"Rynox Helium GT Gloves Black Red",L,0.0000,
30575557,"Rynox Helium GT Gloves Black Red",XL,0.0000,
30575557,"Rynox Helium GT Gloves Black Red",2XL,0.0000,
31207428,"Rynox Riding Jacket Air GT V3.0  Grey Hi-Viz Green",S,0.0000,
31207428,"Rynox Riding Jacket Air GT V3.0  Grey Hi-Viz Green",M,1.0000,
31207428,"Rynox Riding Jacket Air GT V3.0  Grey Hi-Viz Green",L,0.0000,
31207428,"Rynox Riding Jacket Air GT V3.0  Grey Hi-Viz Green",XL,0.0000,
31207428,"Rynox Riding Jacket Air GT V3.0  Grey Hi-Viz Green",2XL,0.0000,
31246737,"Rynox Air GT Gloves Black White",S,0.0000,
31246737,"Rynox Air GT Gloves Black White",M,3.0000,
31246737,"Rynox Air GT Gloves Black White",L,3.0000,
31246737,"Rynox Air GT Gloves Black White",XL,1.0000,
31246737,"Rynox Air GT Gloves Black White",2XL,3.0000,
32596360,"Rynox Riding Pants Storm Evo OffWhite",S,0.0000,
32596360,"Rynox Riding Pants Storm Evo OffWhite",M,0.0000,
32596360,"Rynox Riding Pants Storm Evo OffWhite",L,0.0000,
32596360,"Rynox Riding Pants Storm Evo OffWhite",XL,0.0000,
32596360,"Rynox Riding Pants Storm Evo OffWhite",2XL,0.0000,
34196428,"Rynox Magnapod Tankbag",,1.0000,
35572103,"Rynox H2Go Pro Rain Jacket (Aqua Blue)",S,0.0000,
35572103,"Rynox H2Go Pro Rain Jacket (Aqua Blue)",M,1.0000,
35572103,"Rynox H2Go Pro Rain Jacket (Aqua Blue)",L,1.0000,
35572103,"Rynox H2Go Pro Rain Jacket (Aqua Blue)",XL,1.0000,
35572103,"Rynox H2Go Pro Rain Jacket (Aqua Blue)",2XL,0.0000,
38861392,"Rynox Surge Thermal Jacket",S,1.0000,
38861392,"Rynox Surge Thermal Jacket",M,0.0000,
38861392,"Rynox Surge Thermal Jacket",L,-1.0000,
38861392,"Rynox Surge Thermal Jacket",XL,0.0000,
38861392,"Rynox Surge Thermal Jacket",2XL,0.0000,
38861392,"Rynox Surge Thermal Jacket",3XL,0.0000,
38861392,"Rynox Surge Thermal Jacket",4XL,0.0000,
38861392,"Rynox Surge Thermal Jacket",5XL,0.0000,
38941206,"Rynox Helium GT 2 Riding Jacket Black Red",S,0.0000,
38941206,"Rynox Helium GT 2 Riding Jacket Black Red",M,0.0000,
38941206,"Rynox Helium GT 2 Riding Jacket Black Red",L,0.0000,
38941206,"Rynox Helium GT 2 Riding Jacket Black Red",XL,0.0000,
38941206,"Rynox Helium GT 2 Riding Jacket Black Red",2XL,0.0000,
38941206,"Rynox Helium GT 2 Riding Jacket Black Red",3XL,0.0000,
42977376,"Rynox Helium GT 2 Riding Jacket Black Hi Viz Green",S,0.0000,
42977376,"Rynox Helium GT 2 Riding Jacket Black Hi Viz Green",M,0.0000,
42977376,"Rynox Helium GT 2 Riding Jacket Black Hi Viz Green",L,0.0000,
42977376,"Rynox Helium GT 2 Riding Jacket Black Hi Viz Green",XL,0.0000,
42977376,"Rynox Helium GT 2 Riding Jacket Black Hi Viz Green",2XL,0.0000,
42977376,"Rynox Helium GT 2 Riding Jacket Black Hi Viz Green",3XL,0.0000,
453249837,"Rynox Saddle Bag DryStack",,0.0000,
45605754,"Rynox Stealth Air Jacket Light Grey",S,0.0000,
45605754,"Rynox Stealth Air Jacket Light Grey",M,1.0000,
45605754,"Rynox Stealth Air Jacket Light Grey",L,-1.0000,
45605754,"Rynox Stealth Air Jacket Light Grey",XL,1.0000,
45605754,"Rynox Stealth Air Jacket Light Grey",2XL,0.0000,
45605754,"Rynox Stealth Air Jacket Light Grey",3XL,0.0000,
46301795,"Rynox Shark Mobile Mount",,2.0000,
47380750,"Rynox Helium GT 2 Riding Jacket Black White",S,0.0000,
47380750,"Rynox Helium GT 2 Riding Jacket Black White",M,0.0000,
47380750,"Rynox Helium GT 2 Riding Jacket Black White",L,0.0000,
47380750,"Rynox Helium GT 2 Riding Jacket Black White",XL,1.0000,
47380750,"Rynox Helium GT 2 Riding Jacket Black White",2XL,0.0000,
47380750,"Rynox Helium GT 2 Riding Jacket Black White",3XL,0.0000,
50240269,"Rynox H2Go Waterproof Socks",S,2.0000,
50240269,"Rynox H2Go Waterproof Socks",M,1.0000,
51538687,"Rynox Riding Jacket Storm Level 2 Sand Brown",S,0.0000,
51538687,"Rynox Riding Jacket Storm Level 2 Sand Brown",M,0.0000,
51538687,"Rynox Riding Jacket Storm Level 2 Sand Brown",XL,0.0000,
51538687,"Rynox Riding Jacket Storm Level 2 Sand Brown",2XL,0.0000,
51538687,"Rynox Riding Jacket Storm Level 2 Sand Brown",3XL,0.0000,
51538687,"Rynox Riding Jacket Storm Level 2 Sand Brown",L,0.0000,
527264241,"Rynox Navigator Tankbag v3.0",,0.0000,
54057630,"Rynox Gravel Gloves Black Grey",S,0.0000,
54057630,"Rynox Gravel Gloves Black Grey",M,0.0000,
54057630,"Rynox Gravel Gloves Black Grey",L,0.0000,
54057630,"Rynox Gravel Gloves Black Grey",XL,0.0000,
54057630,"Rynox Gravel Gloves Black Grey",2XL,0.0000,
54057630,"Rynox Gravel Gloves Black Grey",3XL,0.0000,
55464409,"Rynox Riding Jacket Air GT V3.0 Dark Grey Red",S,0.0000,
55464409,"Rynox Riding Jacket Air GT V3.0 Dark Grey Red",M,2.0000,
55464409,"Rynox Riding Jacket Air GT V3.0 Dark Grey Red",L,1.0000,
55464409,"Rynox Riding Jacket Air GT V3.0 Dark Grey Red",XL,0.0000,
55464409,"Rynox Riding Jacket Air GT V3.0 Dark Grey Red",2XL,0.0000,
56565192,"Rynox Jacket Cover Pro",,3.0000,
56796761,"Rynox Defender Pro R95 Mask",Black,18.0000,
56796761,"Rynox Defender Pro R95 Mask",Grey,15.0000,
56796761,"Rynox Defender Pro R95 Mask",Red,15.0000,
57126190,"Rynox Stealth Air Jacket Navy Blue Grey",S,0.0000,
57126190,"Rynox Stealth Air Jacket Navy Blue Grey",M,1.0000,
57126190,"Rynox Stealth Air Jacket Navy Blue Grey",L,1.0000,
57126190,"Rynox Stealth Air Jacket Navy Blue Grey",XL,1.0000,
57126190,"Rynox Stealth Air Jacket Navy Blue Grey",2XL,0.0000,
57126190,"Rynox Stealth Air Jacket Navy Blue Grey",3XL,0.0000,
57277755,"Rynox Urban Gloves Copper",S,1.0000,
57277755,"Rynox Urban Gloves Copper",M,1.0000,
57277755,"Rynox Urban Gloves Copper",L,0.0000,
57277755,"Rynox Urban Gloves Copper",XL,0.0000,
57277755,"Rynox Urban Gloves Copper",2XL,0.0000,
57446747,"Rynox Air GT V3.0 Riding Jacket Grey Orange",S,0.0000,
57446747,"Rynox Air GT V3.0 Riding Jacket Grey Orange",M,1.0000,
57446747,"Rynox Air GT V3.0 Riding Jacket Grey Orange",L,0.0000,
57446747,"Rynox Air GT V3.0 Riding Jacket Grey Orange",XL,0.0000,
57446747,"Rynox Air GT V3.0 Riding Jacket Grey Orange",2XL,0.0000,
58592865,"Rynox Storm Evo Noctex Riding Pants",S,0.0000,
58592865,"Rynox Storm Evo Noctex Riding Pants",M,0.0000,
58592865,"Rynox Storm Evo Noctex Riding Pants",L,0.0000,
58592865,"Rynox Storm Evo Noctex Riding Pants",XL,0.0000,
58592865,"Rynox Storm Evo Noctex Riding Pants",2XL,0.0000,
59388493,"Rynox Vapour Pro Balaclava Grey",S/M,1.0000,
59388493,"Rynox Vapour Pro Balaclava Grey",L/XL,7.0000,
60016585,"Rynox Bastion Bionic Knee Guard","Black Red",-2.0000,
60016585,"Rynox Bastion Bionic Knee Guard",Blue,0.0000,
60016585,"Rynox Bastion Bionic Knee Guard","Hi Viz ",0.0000,
60321988,"Rynox Expedition Trail Bag V2",,5.0000,
608911447,"Rynox Tailbag Expedition Dry Bag 15 ltrs",,1.0000,
61300008,"Rynox Riding Pants Airtex",S,0.0000,
61300008,"Rynox Riding Pants Airtex",M,1.0000,
61300008,"Rynox Riding Pants Airtex",L,1.0000,
61300008,"Rynox Riding Pants Airtex",XL,1.0000,
61300008,"Rynox Riding Pants Airtex",2XL,1.0000,
61300008,"Rynox Riding Pants Airtex",3XL,0.0000,
63277339,"Rynox Riding Jacket Stealth Evo V3 Black",S,0.0000,
63277339,"Rynox Riding Jacket Stealth Evo V3 Black",M,1.0000,
63277339,"Rynox Riding Jacket Stealth Evo V3 Black",L,2.0000,
63277339,"Rynox Riding Jacket Stealth Evo V3 Black",XL,1.0000,
63277339,"Rynox Riding Jacket Stealth Evo V3 Black",2XL,1.0000,
63277339,"Rynox Riding Jacket Stealth Evo V3 Black",3XL,0.0000,
63277339,"Rynox Riding Jacket Stealth Evo V3 Black",4XL,0.0000,
63631268,"Rynox Tornado Pro Riding Jacket Version 4 Black Red",S,0.0000,
63631268,"Rynox Tornado Pro Riding Jacket Version 4 Black Red",M,0.0000,
63631268,"Rynox Tornado Pro Riding Jacket Version 4 Black Red",L,1.0000,
63631268,"Rynox Tornado Pro Riding Jacket Version 4 Black Red",XL,0.0000,
63631268,"Rynox Tornado Pro Riding Jacket Version 4 Black Red",2XL,0.0000,
64927799,"Rynox Air GT Gloves Black White 2022",S,0.0000,
64927799,"Rynox Air GT Gloves Black White 2022",M,0.0000,
64927799,"Rynox Air GT Gloves Black White 2022",L,-1.0000,
64927799,"Rynox Air GT Gloves Black White 2022",XL,0.0000,
64927799,"Rynox Air GT Gloves Black White 2022",2XL,1.0000,
65438956,"Rynox Navigator Tailbag 50L",,4.0000,
66287608,"Rynox Storm Riding Jacket Black",S,0.0000,
66287608,"Rynox Storm Riding Jacket Black",M,0.0000,
66287608,"Rynox Storm Riding Jacket Black",L,0.0000,
66287608,"Rynox Storm Riding Jacket Black",XL,1.0000,
66287608,"Rynox Storm Riding Jacket Black",2XL,-1.0000,
68167431,"Rynox Air GT Gloves Grey Red",S,0.0000,
68167431,"Rynox Air GT Gloves Grey Red",M,3.0000,
68167431,"Rynox Air GT Gloves Grey Red",L,1.0000,
68167431,"Rynox Air GT Gloves Grey Red",XL,2.0000,
68167431,"Rynox Air GT Gloves Grey Red",2XL,0.0000,
69592725,"Rynox Tornado Pro Riding Jacket Black Anniversary Edition",S,0.0000,
69592725,"Rynox Tornado Pro Riding Jacket Black Anniversary Edition",M,0.0000,
69592725,"Rynox Tornado Pro Riding Jacket Black Anniversary Edition",L,0.0000,
69592725,"Rynox Tornado Pro Riding Jacket Black Anniversary Edition",XL,1.0000,
69592725,"Rynox Tornado Pro Riding Jacket Black Anniversary Edition",2XL,0.0000,
71555803,"Rynox Storm Evo Gloves Black",S,0.0000,
71555803,"Rynox Storm Evo Gloves Black",M,0.0000,
71555803,"Rynox Storm Evo Gloves Black",L,1.0000,
71555803,"Rynox Storm Evo Gloves Black",XL,0.0000,
71555803,"Rynox Storm Evo Gloves Black",2XL,0.0000,
72581088,"Rynox Storm Riding Jacket - Noctex",S,0.0000,
72581088,"Rynox Storm Riding Jacket - Noctex",M,0.0000,
72581088,"Rynox Storm Riding Jacket - Noctex",L,0.0000,
72581088,"Rynox Storm Riding Jacket - Noctex",XL,0.0000,
72581088,"Rynox Storm Riding Jacket - Noctex",2XL,0.0000,
72581088,"Rynox Storm Riding Jacket - Noctex",3XL,0.0000,
72581088,"Rynox Storm Riding Jacket - Noctex",4XL,0.0000,
72581088,"Rynox Storm Riding Jacket - Noctex",5XL,0.0000,
74410075,"Rynox Vapour Pro Base Layer Lower Grey",S,0.0000,
74410075,"Rynox Vapour Pro Base Layer Lower Grey",M,0.0000,
74410075,"Rynox Vapour Pro Base Layer Lower Grey",L,1.0000,
74410075,"Rynox Vapour Pro Base Layer Lower Grey",XL,0.0000,
74410075,"Rynox Vapour Pro Base Layer Lower Grey",2XL,0.0000,
74442802,"Rynox Stealth Air Jacket Black Grey",S,0.0000,
74442802,"Rynox Stealth Air Jacket Black Grey",M,0.0000,
74442802,"Rynox Stealth Air Jacket Black Grey",L,1.0000,
74442802,"Rynox Stealth Air Jacket Black Grey",XL,1.0000,
74442802,"Rynox Stealth Air Jacket Black Grey",2XL,0.0000,
74442802,"Rynox Stealth Air Jacket Black Grey",3XL,0.0000,
74604788,"Rynox Riding Pants Storm Evo Grey",S,0.0000,
74604788,"Rynox Riding Pants Storm Evo Grey",M,0.0000,
74604788,"Rynox Riding Pants Storm Evo Grey",L,0.0000,
74604788,"Rynox Riding Pants Storm Evo Grey",XL,0.0000,
74604788,"Rynox Riding Pants Storm Evo Grey",2XL,0.0000,
76463348,"Rynox Riding Jacket Stealth Evo V3 Grey With Liners",S,0.0000,
76463348,"Rynox Riding Jacket Stealth Evo V3 Grey With Liners",M,0.0000,
76463348,"Rynox Riding Jacket Stealth Evo V3 Grey With Liners",L,0.0000,
76463348,"Rynox Riding Jacket Stealth Evo V3 Grey With Liners",XL,0.0000,
76463348,"Rynox Riding Jacket Stealth Evo V3 Grey With Liners",2XL,0.0000,
77183877,"Rynox Gripper Reflective Bungee Strap Red",,-1.0000,
77803490,"Rynox Swarm Thermal Jacket",S,0.0000,
77803490,"Rynox Swarm Thermal Jacket",M,0.0000,
77803490,"Rynox Swarm Thermal Jacket",L,1.0000,
77803490,"Rynox Swarm Thermal Jacket",XL,1.0000,
77803490,"Rynox Swarm Thermal Jacket",2XL,0.0000,
77803490,"Rynox Swarm Thermal Jacket",3XL,0.0000,
77803490,"Rynox Swarm Thermal Jacket",4XL,0.0000,
77803490,"Rynox Swarm Thermal Jacket",5XL,0.0000,
81584125,"Rynox Navigator Tankbag 15L",,3.0000,
82584486,"Rynox Tornado Pro 3 Gloves Black Blue",S,1.0000,
82584486,"Rynox Tornado Pro 3 Gloves Black Blue",M,0.0000,
82584486,"Rynox Tornado Pro 3 Gloves Black Blue",L,0.0000,
82584486,"Rynox Tornado Pro 3 Gloves Black Blue",XL,0.0000,
82584486,"Rynox Tornado Pro 3 Gloves Black Blue",2XL,0.0000,
837475052,"Rynox Riding Pants Advento",M,1.0000,
837475052,"Rynox Riding Pants Advento",L,1.0000,
837475052,"Rynox Riding Pants Advento",XL,1.0000,
837475052,"Rynox Riding Pants Advento",2XL,1.0000,
837475052,"Rynox Riding Pants Advento",3XL,0.0000,
83902162,"Rynox Jacket Cover",,0.0000,
849122099,"Rynox Saddle Bag Nomad v2.1 With Raincover",,0.0000,
88404221,"Rynox Gravel Gloves Blue Neon",S,0.0000,
88404221,"Rynox Gravel Gloves Blue Neon",M,0.0000,
88404221,"Rynox Gravel Gloves Blue Neon",L,0.0000,
88404221,"Rynox Gravel Gloves Blue Neon",XL,0.0000,
88404221,"Rynox Gravel Gloves Blue Neon",2XL,0.0000,
88404221,"Rynox Gravel Gloves Blue Neon",3XL,0.0000,
89039656,"Rynox Tornado Pro Riding Jacket Version 4 Orange",S,0.0000,
89039656,"Rynox Tornado Pro Riding Jacket Version 4 Orange",M,1.0000,
89039656,"Rynox Tornado Pro Riding Jacket Version 4 Orange",L,1.0000,
89039656,"Rynox Tornado Pro Riding Jacket Version 4 Orange",XL,1.0000,
89039656,"Rynox Tornado Pro Riding Jacket Version 4 Orange",2XL,0.0000,
89039656,"Rynox Tornado Pro Riding Jacket Version 4 Orange",3XL,0.0000,
89039656,"Rynox Tornado Pro Riding Jacket Version 4 Orange",4XL,0.0000,
89039656,"Rynox Tornado Pro Riding Jacket Version 4 Orange",5XL,0.0000,
89636726,"Rynox Vapour Pro Base Layer Upper Grey",S,1.0000,
89636726,"Rynox Vapour Pro Base Layer Upper Grey",M,2.0000,
89636726,"Rynox Vapour Pro Base Layer Upper Grey",L,2.0000,
89636726,"Rynox Vapour Pro Base Layer Upper Grey",XL,0.0000,
89636726,"Rynox Vapour Pro Base Layer Upper Grey",2XL,0.0000,
90632585,"Rynox Tornado Pro 3 Gloves Black Orange",S,0.0000,
90632585,"Rynox Tornado Pro 3 Gloves Black Orange",M,1.0000,
90632585,"Rynox Tornado Pro 3 Gloves Black Orange",L,1.0000,
90632585,"Rynox Tornado Pro 3 Gloves Black Orange",XL,1.0000,
90632585,"Rynox Tornado Pro 3 Gloves Black Orange",2XL,0.0000,
92020771,"Rynox Gravel Gloves Navy Blue Orange",S,0.0000,
92020771,"Rynox Gravel Gloves Navy Blue Orange",M,0.0000,
92020771,"Rynox Gravel Gloves Navy Blue Orange",L,0.0000,
92020771,"Rynox Gravel Gloves Navy Blue Orange",XL,1.0000,
92020771,"Rynox Gravel Gloves Navy Blue Orange",2XL,0.0000,
92020771,"Rynox Gravel Gloves Navy Blue Orange",3XL,0.0000,
92968809,"Rynox Riding Jacket Storm Level 2 Knight Grey",S,0.0000,
92968809,"Rynox Riding Jacket Storm Level 2 Knight Grey",M,0.0000,
92968809,"Rynox Riding Jacket Storm Level 2 Knight Grey",XL,0.0000,
92968809,"Rynox Riding Jacket Storm Level 2 Knight Grey",2XL,0.0000,
92968809,"Rynox Riding Jacket Storm Level 2 Knight Grey",3XL,0.0000,
92968809,"Rynox Riding Jacket Storm Level 2 Knight Grey",L,0.0000,
96292144,"Rynox Tornado Pro 3 Gloves Black Red",S,0.0000,
96292144,"Rynox Tornado Pro 3 Gloves Black Red",M,2.0000,
96292144,"Rynox Tornado Pro 3 Gloves Black Red",L,0.0000,
96292144,"Rynox Tornado Pro 3 Gloves Black Red",XL,1.0000,
96292144,"Rynox Tornado Pro 3 Gloves Black Red",2XL,0.0000,
96379476,"Rynox Optimus M Tankbag V2",,0.0000,
96863154,"Rynox Riding Jacket Stealth Evo V3 Black With Liners (2020 Edition)",S,0.0000,
96863154,"Rynox Riding Jacket Stealth Evo V3 Black With Liners (2020 Edition)",M,0.0000,
96863154,"Rynox Riding Jacket Stealth Evo V3 Black With Liners (2020 Edition)",L,0.0000,
96863154,"Rynox Riding Jacket Stealth Evo V3 Black With Liners (2020 Edition)",XL,0.0000,
96863154,"Rynox Riding Jacket Stealth Evo V3 Black With Liners (2020 Edition)",2XL,0.0000,
98711219,"Rynox H2Go Pro Rain Pants Black Hi Viz Green",S,1.0000,
98711219,"Rynox H2Go Pro Rain Pants Black Hi Viz Green",M,2.0000,
98711219,"Rynox H2Go Pro Rain Pants Black Hi Viz Green",L,2.0000,
98711219,"Rynox H2Go Pro Rain Pants Black Hi Viz Green",XL,0.0000,
98711219,"Rynox H2Go Pro Rain Pants Black Hi Viz Green",2XL,0.0000,
98711219,"Rynox H2Go Pro Rain Pants Black Hi Viz Green",3XL,0.0000,
99477347,"Rynox Tornado Pro 3 Gloves Black Hi-Viz Green",S,0.0000,
99477347,"Rynox Tornado Pro 3 Gloves Black Hi-Viz Green",M,2.0000,
99477347,"Rynox Tornado Pro 3 Gloves Black Hi-Viz Green",L,2.0000,
99477347,"Rynox Tornado Pro 3 Gloves Black Hi-Viz Green",XL,2.0000,
99477347,"Rynox Tornado Pro 3 Gloves Black Hi-Viz Green",2XL,0.0000,
99860950,"Rynox H2Go Pro Rain Jacket (Hi Viz)",S,1.0000,
99860950,"Rynox H2Go Pro Rain Jacket (Hi Viz)",M,-1.0000,
99860950,"Rynox H2Go Pro Rain Jacket (Hi Viz)",L,1.0000,
99860950,"Rynox H2Go Pro Rain Jacket (Hi Viz)",XL,0.0000,
99860950,"Rynox H2Go Pro Rain Jacket (Hi Viz)",2XL,2.0000,
99860950,"Rynox H2Go Pro Rain Jacket (Hi Viz)",3XL,0.0000,
99860950,"Rynox H2Go Pro Rain Jacket (Hi Viz)",4XL,0.0000,
99860950,"Rynox H2Go Pro Rain Jacket (Hi Viz)",5XL,0.0000,
