"Product Code","Product Name",Variant,Expected,Counted
00660461,"Axor Street Wolf Dull Black Neon Yellow Full Face Helmet",S,0.0000,
00660461,"Axor Street Wolf Dull Black Neon Yellow Full Face Helmet",M,0.0000,
00660461,"Axor Street Wolf Dull Black Neon Yellow Full Face Helmet",L,0.0000,
00660461,"Axor Street Wolf Dull Black Neon Yellow Full Face Helmet",XL,0.0000,
03951689,"Axor Rage Ecco Glossy Orange Full Face Helmet",S,0.0000,
03951689,"Axor Rage Ecco Glossy Orange Full Face Helmet",M,0.0000,
03951689,"Axor Rage Ecco Glossy Orange Full Face Helmet",L,1.0000,
03951689,"Axor Rage Ecco Glossy Orange Full Face Helmet",XL,0.0000,
06680733,"Axor Apex Liberty Glossy Black Orange Full Face Helmet",,0.0000,
11912161,"Axor Apex Venomous Matt Black Neon Green Full Face Helmet",S,0.0000,
11912161,"Axor Apex Venomous Matt Black Neon Green Full Face Helmet",M,2.0000,
11912161,"Axor Apex Venomous Matt Black Neon Green Full Face Helmet",L,2.0000,
11912161,"Axor Apex Venomous Matt Black Neon Green Full Face Helmet",XL,0.0000,
16517102,"Axor Rage Ecco Matt Grey Full Face Helmet",S,0.0000,
16517102,"Axor Rage Ecco Matt Grey Full Face Helmet",M,0.0000,
16517102,"Axor Rage Ecco Matt Grey Full Face Helmet",L,0.0000,
16517102,"Axor Rage Ecco Matt Grey Full Face Helmet",XL,0.0000,
19664920,"Axor Street Wacky Dull Black Red Full Face Helmet",S,0.0000,
19664920,"Axor Street Wacky Dull Black Red Full Face Helmet",M,0.0000,
19664920,"Axor Street Wacky Dull Black Red Full Face Helmet",L,0.0000,
19664920,"Axor Street Wacky Dull Black Red Full Face Helmet",XL,0.0000,
21095532,"Axor Apex Venomous Gloss Black Blue Full Face Helmet",S,0.0000,
21095532,"Axor Apex Venomous Gloss Black Blue Full Face Helmet",M,0.0000,
21095532,"Axor Apex Venomous Gloss Black Blue Full Face Helmet",L,1.0000,
21095532,"Axor Apex Venomous Gloss Black Blue Full Face Helmet",XL,0.0000,
25251076,"Axor Apex Crypto Dull/Matt Grey Full Face Helmet",,0.0000,
27073527,"Helmet Part Axor Clear Visor with Antifog",,1.0000,
31498808,"Axor Rage War Dull/Matt Black Silver Full Face Helmet",S,-1.0000,
31498808,"Axor Rage War Dull/Matt Black Silver Full Face Helmet",M,1.0000,
31498808,"Axor Rage War Dull/Matt Black Silver Full Face Helmet",L,0.0000,
31498808,"Axor Rage War Dull/Matt Black Silver Full Face Helmet",XL,0.0000,
38756001,"Axor Apex Shark Glossy Grey Full Face Helmet",L,1.0000,
38790504,"Axor Apex Crypto Dull Black Orange Full Face Helmet",,0.0000,
41344042,"Axor Apex Turbine Matt Black Orange Full Face Helmet",S,0.0000,
41344042,"Axor Apex Turbine Matt Black Orange Full Face Helmet",M,0.0000,
41344042,"Axor Apex Turbine Matt Black Orange Full Face Helmet",L,0.0000,
41344042,"Axor Apex Turbine Matt Black Orange Full Face Helmet",XL,0.0000,
498002570,"Axor Stealth Black Orange Matt Full Face Helmet",,0.0000,
50786028,"Axor Apex Turbine Gloss Black Blue Full Face Helmet",S,0.0000,
50786028,"Axor Apex Turbine Gloss Black Blue Full Face Helmet",M,0.0000,
50786028,"Axor Apex Turbine Gloss Black Blue Full Face Helmet",L,0.0000,
50786028,"Axor Apex Turbine Gloss Black Blue Full Face Helmet",XL,0.0000,
52912236,"Axor Apex Turbine Matt Black Neon/Yellow Grey Full Face Helmet",S,0.0000,
52912236,"Axor Apex Turbine Matt Black Neon/Yellow Grey Full Face Helmet",M,0.0000,
52912236,"Axor Apex Turbine Matt Black Neon/Yellow Grey Full Face Helmet",L,0.0000,
52912236,"Axor Apex Turbine Matt Black Neon/Yellow Grey Full Face Helmet",XL,0.0000,
53526491,"Axor Rage RR3 Glossy Neon Yellow Full Face Helmet",S,0.0000,
53526491,"Axor Rage RR3 Glossy Neon Yellow Full Face Helmet",M,0.0000,
53526491,"Axor Rage RR3 Glossy Neon Yellow Full Face Helmet",L,0.0000,
53526491,"Axor Rage RR3 Glossy Neon Yellow Full Face Helmet",XL,0.0000,
53892667,"Axor Jarvis Green Black Full Face Helmet",,1.0000,
54381516,"Axor Apex Venomous Matt Black Grey Full Face Helmet",S,0.0000,
54381516,"Axor Apex Venomous Matt Black Grey Full Face Helmet",M,1.0000,
54381516,"Axor Apex Venomous Matt Black Grey Full Face Helmet",L,0.0000,
54381516,"Axor Apex Venomous Matt Black Grey Full Face Helmet",XL,1.0000,
54625208,"Axor Apex Venomous Matt Black Blue Full Face Helmet",S,0.0000,
54625208,"Axor Apex Venomous Matt Black Blue Full Face Helmet",M,2.0000,
54625208,"Axor Apex Venomous Matt Black Blue Full Face Helmet",L,0.0000,
54625208,"Axor Apex Venomous Matt Black Blue Full Face Helmet",XL,0.0000,
60907924,"Axor Apex Grid Glossy Black Orange Full Face Helmet",,1.0000,
61841009,"Axor Rage Rash Dull/Matt White Lagoon Full Face Helmet",S,0.0000,
61841009,"Axor Rage Rash Dull/Matt White Lagoon Full Face Helmet",M,1.0000,
61841009,"Axor Rage Rash Dull/Matt White Lagoon Full Face Helmet",L,1.0000,
61841009,"Axor Rage Rash Dull/Matt White Lagoon Full Face Helmet",XL,0.0000,
63237008,"Axor Street Wacky Dull Black Orange Full Face Helmet",S,0.0000,
63237008,"Axor Street Wacky Dull Black Orange Full Face Helmet",M,-1.0000,
63237008,"Axor Street Wacky Dull Black Orange Full Face Helmet",L,1.0000,
63237008,"Axor Street Wacky Dull Black Orange Full Face Helmet",XL,0.0000,
64291512,"Axor Apex Grid Matt Black Red Full Face Helmet",,0.0000,
70402072,"Helmet Part Axor Apex Visor",,2.0000,
70417621,"Axor Apex Vivid Gloss Black Neon Yellow Full Face Helmet",S,0.0000,
70417621,"Axor Apex Vivid Gloss Black Neon Yellow Full Face Helmet",M,0.0000,
70417621,"Axor Apex Vivid Gloss Black Neon Yellow Full Face Helmet",L,0.0000,
70417621,"Axor Apex Vivid Gloss Black Neon Yellow Full Face Helmet",XL,0.0000,
71802586,"Helmet PArt Axor Rage Visor",Clear,2.0000,
71802586,"Helmet PArt Axor Rage Visor",Mirror,0.0000,
71802586,"Helmet PArt Axor Rage Visor",Rainbow,0.0000,
72853897,"Axor Rage Trogon Matt Black Red Full Face Helmet",S,0.0000,
72853897,"Axor Rage Trogon Matt Black Red Full Face Helmet",M,0.0000,
72853897,"Axor Rage Trogon Matt Black Red Full Face Helmet",L,0.0000,
72853897,"Axor Rage Trogon Matt Black Red Full Face Helmet",XL,0.0000,
75384210,"Axor Apex Grid Dull Black Red Full Face Helmet",,0.0000,
79230367,"Axor Apex Solid Matt Black Full Face Helmet",,0.0000,
81519092,"Axor Street Wolf Dull Black Orange Full Face Helmet",S,0.0000,
81519092,"Axor Street Wolf Dull Black Orange Full Face Helmet",M,1.0000,
81519092,"Axor Street Wolf Dull Black Orange Full Face Helmet",L,0.0000,
81519092,"Axor Street Wolf Dull Black Orange Full Face Helmet",XL,0.0000,
82376295,"Axor Rage RR3 Dull/Matt Neon Yellow Full Face Helmet",S,0.0000,
82376295,"Axor Rage RR3 Dull/Matt Neon Yellow Full Face Helmet",M,0.0000,
82376295,"Axor Rage RR3 Dull/Matt Neon Yellow Full Face Helmet",L,1.0000,
82376295,"Axor Rage RR3 Dull/Matt Neon Yellow Full Face Helmet",XL,0.0000,
82778777,"Axor Rage Ecco Glossy Grey Full Face Helmet",S,0.0000,
82778777,"Axor Rage Ecco Glossy Grey Full Face Helmet",M,0.0000,
82778777,"Axor Rage Ecco Glossy Grey Full Face Helmet",L,0.0000,
82778777,"Axor Rage Ecco Glossy Grey Full Face Helmet",XL,0.0000,
84208124,"Axor Jet Leather Open Face Helmet","Desert Storm",2.0000,
84208124,"Axor Jet Leather Open Face Helmet",Black,0.0000,
84208124,"Axor Jet Leather Open Face Helmet","Battle Green",-1.0000,
84306434,"Axor Apex Grid Dull Black Neon Yellow Full Face Helmet",,0.0000,
84991584,"Axor Street Wacky Dull Black Neon Yellow Full Face Helmet",S,0.0000,
84991584,"Axor Street Wacky Dull Black Neon Yellow Full Face Helmet",M,1.0000,
84991584,"Axor Street Wacky Dull Black Neon Yellow Full Face Helmet",L,1.0000,
84991584,"Axor Street Wacky Dull Black Neon Yellow Full Face Helmet",XL,0.0000,
85183915,"Axor Apex Vivid Matt Black Neon Yellow Full Face Helmet",S,0.0000,
85183915,"Axor Apex Vivid Matt Black Neon Yellow Full Face Helmet",M,0.0000,
85183915,"Axor Apex Vivid Matt Black Neon Yellow Full Face Helmet",L,0.0000,
85183915,"Axor Apex Vivid Matt Black Neon Yellow Full Face Helmet",XL,0.0000,
85674556,"Axor Rage RR3 Glossy Black Red Full Face Helmet",S,0.0000,
85674556,"Axor Rage RR3 Glossy Black Red Full Face Helmet",M,1.0000,
85674556,"Axor Rage RR3 Glossy Black Red Full Face Helmet",L,0.0000,
85674556,"Axor Rage RR3 Glossy Black Red Full Face Helmet",XL,0.0000,
86667982,"Axor Apex Liberty Matt Black Red Full Face Helmet",S,0.0000,
86667982,"Axor Apex Liberty Matt Black Red Full Face Helmet",M,0.0000,
86667982,"Axor Apex Liberty Matt Black Red Full Face Helmet",L,0.0000,
86667982,"Axor Apex Liberty Matt Black Red Full Face Helmet",XL,0.0000,
87130942,"Axor Apex Shark Dull/Matt Grey Full Face Helmet",L,0.0000,
87232840,"Axor Apex Liberty Black Neon Yellow Full Face Helmet",,0.0000,
89465550,"Helmet Part Axor Apex Spoiler",,2.0000,
904295989,"Axor Stealth Blue Yellow Matt Full Face Helmet",,0.0000,
95701365,"Axor Rage Trogon Matt Black Orange Full Face Helmet",S,0.0000,
95701365,"Axor Rage Trogon Matt Black Orange Full Face Helmet",M,0.0000,
95701365,"Axor Rage Trogon Matt Black Orange Full Face Helmet",L,1.0000,
95701365,"Axor Rage Trogon Matt Black Orange Full Face Helmet",XL,0.0000,
96487916,"Axor Apex Turbine Gloss Black Orange Full Face Helmet",S,0.0000,
96487916,"Axor Apex Turbine Gloss Black Orange Full Face Helmet",M,0.0000,
96487916,"Axor Apex Turbine Gloss Black Orange Full Face Helmet",L,0.0000,
96487916,"Axor Apex Turbine Gloss Black Orange Full Face Helmet",XL,0.0000,
98261351,"Axor Apex Venomous Gloss Black Neon Green Full Face Helmet",S,0.0000,
98261351,"Axor Apex Venomous Gloss Black Neon Green Full Face Helmet",M,2.0000,
98261351,"Axor Apex Venomous Gloss Black Neon Green Full Face Helmet",L,1.0000,
98261351,"Axor Apex Venomous Gloss Black Neon Green Full Face Helmet",XL,0.0000,
98674090,"Axor Apex Venomous Gloss Black Grey Full Face Helmet",S,0.0000,
98674090,"Axor Apex Venomous Gloss Black Grey Full Face Helmet",M,0.0000,
98674090,"Axor Apex Venomous Gloss Black Grey Full Face Helmet",L,0.0000,
98674090,"Axor Apex Venomous Gloss Black Grey Full Face Helmet",XL,1.0000,
