"Product Code","Product Name",Variant,Expected,Counted
00073113,"Steelbird Robot Graphics Full Face Helmet",,0.0000,
00231248,"Steelbird Air Dashing Double Visor Helmet",,0.0000,
03918881,"Steelbird Open Face Helmet SB27 Matt Black",,0.0000,
04601203,"Steelbird Aeronotics SA2 Full Face Helmet Plain Matt Black",600mm,0.0000,
04601203,"Steelbird Aeronotics SA2 Full Face Helmet Plain Matt Black",580mm,0.0000,
06111587,"Helmet Part Steelbird SB1 Visor Mechanism",,1.0000,
07497309,"Steelbird SB37 Zon Plus Dashing Full Face Helmet",,6.0000,
09007270,"SBA21 Raptor Graphics Full Face Helmet",,3.0000,
09258711,"Steelbird Aeronotics SA2 Full Face Helmet Metallic Gloss Black Red",600mm,0.0000,
09258711,"Steelbird Aeronotics SA2 Full Face Helmet Metallic Gloss Black Red",580mm,1.0000,
09445557,"Steelbird SBA2 Plain Black Full Face Helmet",,0.0000,
11599130,"Steelbird Robot ICE Graphics Full Face Helmet",,1.0000,
117218268,"Steelbird SBA2 Dashing Full Face Helmet",,0.0000,
12166212,"Steelbird Aeronotics Graphics Fullface Helmet",,0.0000,
18413484,"Steelbird Rox Dashing Double Visor Helmet",,0.0000,
20538444,"Steelbird Air SBA7 Dashing Black FlipUp Helmet (Single Visor)",,1.0000,
26476497,"Steelbird Air SBA7 Dashing Black FlipUp Helmet (Double Visor)",,18.0000,
28087869,"Steelbird Air Dashing Full Face Helmet",,0.0000,
29848033,"Steelbird Rox Black Full Face Helmet",,0.0000,
31672826,"Steelbird Robot Plain Full Face Helmet",,2.0000,
32512340,"Steelbird Wiz Dashing Full Face Helmet",,0.0000,
32722737,"Steelbird Air Dashing Black HF Full Face Helmet with Handsfree",,0.0000,
33212877,"Ignyte IGN4 Gloss Titanium Grey Full Face Helmet",S,1.0000,
33212877,"Ignyte IGN4 Gloss Titanium Grey Full Face Helmet",M,-1.0000,
33212877,"Ignyte IGN4 Gloss Titanium Grey Full Face Helmet",L,0.0000,
33212877,"Ignyte IGN4 Gloss Titanium Grey Full Face Helmet",XL,0.0000,
33298122,"Steelbird Antifog Lens",,2.0000,
35252873,"Helmet Part Steelbird Offroad Visor Mechanism",,1.0000,
36700417,"Steelbird Vast Flip Up Helmet",,0.0000,
36835160,"Steelbird SBH23 Ava Dashing Black Open Face Helmet",,9.0000,
37017853,"Helmet Part Steelbird SBA2 Visor Mechanism",,2.0000,
37850531,"Helmet Part Steelbird Rox Clear Visor",,0.0000,
43355346,"Steelbird Aeronotics Plain Full Face Helmet",,0.0000,
44232423,"Steelbird Bang SB42 Offroad Full Face Helmet Plain Black",,0.0000,
45316731,"Helmet Part Steelbird SBH16 Pulse Visor Mechanism",,1.0000,
46188786,"Steelbird Air Graphics Double Visor Full Face Helmet",,0.0000,
47465769,"Steelbird Adonis Majestic Full Face Helmet",,0.0000,
47633376,"Steelbird Robot ICE Graphics Full Face Helmet (Orange)",,0.0000,
51851574,"Steelbird Aeronotics SA2 Full Face Helmet Villain Gloss Red",600mm,0.0000,
51851574,"Steelbird Aeronotics SA2 Full Face Helmet Villain Gloss Red",580mm,0.0000,
52729291,"Steelbird Rox Plus SV Dashing Black Full Face Helmet",,1.0000,
53121083,"Steelbird Robot Dashing Black Full Face Helmet",,6.0000,
54030984,"Steelbird Aeronotics SA2 Full Face Helmet Plain Gloss Black",600mm,2.0000,
54030984,"Steelbird Aeronotics SA2 Full Face Helmet Plain Gloss Black",580mm,0.0000,
54387587,"Helmet Part Steelbird Raptor SBA21 Clear Visor",,10.0000,
54578366,"Steelbird Joy Dashing Open Face Helmet",,1.0000,
55276833,"Steelbird SB33 Grey Open Face Helmet",,0.0000,
56886422,"Steelbird Full Gloves",,0.0000,
57640496,"Steelbird Aeronotics SA2 Full Face Helmet Escape Matt Grey",600mm,0.0000,
57640496,"Steelbird Aeronotics SA2 Full Face Helmet Escape Matt Grey",580mm,0.0000,
57852773,"Steelbird Bang Offroad Helmet","Battle Green",0.0000,
59210432,"Steelbird SB33 Silver Open Face Helmet",,0.0000,
61882369,"Steelbird Vast Neon Yellow Flip Up Helmet",,0.0000,
63276732,"Steelbird Oscar Classic Black Full Face Helmet",,2.0000,
63492466,"Steelbird SBA2 Painted Helmet Matt Desert Storm",,0.0000,
64663701,"Steelbird SBH23 Ava Dashing Battle Green Open Face Helmet",,3.0000,
66513983,"Steelbird SBH24 Vox Dashing Black Open Face Helmet",,1.0000,
67373079,"Steelbird Aeronotics SA2 Full Face Helmet Metallic Gloss Grey",600mm,0.0000,
67373079,"Steelbird Aeronotics SA2 Full Face Helmet Metallic Gloss Grey",580mm,0.0000,
67773736,"Helmet Part SBA7 Cheek Pads",,0.0000,
70987089,"Steelbird Aeronotics SA2 Full Face Helmet Metallic Gloss Black Neon Green",600mm,0.0000,
70987089,"Steelbird Aeronotics SA2 Full Face Helmet Metallic Gloss Black Neon Green",580mm,1.0000,
71351882,"Steelbird Rox Black M16 Full Face Helmet",,0.0000,
73221851,"Steelbird Aeronotics SA2 Full Face Helmet Villain Gloss Grey",600mm,0.0000,
73221851,"Steelbird Aeronotics SA2 Full Face Helmet Villain Gloss Grey",580mm,0.0000,
73716221,"Helmet Part Steelbird Air 1 Smoke Visor",,3.0000,
74560391,"Steelbird Open Face Helmet Pulse Painted",,0.0000,
75867004,"Steelbird Air SBA6 Fuze Dashing Open Face Helmet",,0.0000,
78416661,"Steelbird Rex Dashing Open Face Helmet",Black,9.0000,
78416661,"Steelbird Rex Dashing Open Face Helmet","Battle Green",3.0000,
78416661,"Steelbird Rex Dashing Open Face Helmet",Blue,5.0000,
78416661,"Steelbird Rex Dashing Open Face Helmet",Pink,3.0000,
78416661,"Steelbird Rex Dashing Open Face Helmet",Red,3.0000,
78901563,"Steelbird SB1 Full Face Helmet",,0.0000,
79108326,"Steelbird Open Face Helmet Pulse Black",,0.0000,
81312209,"Steelbird Kids Open Face Helmet Tiny",,1.0000,
82202154,"Helmet Part Steelbird SBA2 Mirror Visor",,1.0000,
84856584,"Steelbird Air SBA7 Flipup Helmet with Graphics (Double Visor)",,11.0000,
874441480,"Steelbird SBA2 Graphics Full Face Helmet",,0.0000,
87528095,"Helmet Part Steelbird Zon Clear Visor",,1.0000,
87801548,"Steelbird Aeronotics SA2 Full Face Helmet Metallic Matt Neon Green",600mm,0.0000,
87801548,"Steelbird Aeronotics SA2 Full Face Helmet Metallic Matt Neon Green",580mm,2.0000,
90141502,"Steelbird Rex Open Face Helmet (Glossy Black)",,0.0000,
91369557,"Ignyte IGN7 DV Gloss Black Full Face Helmet",S,1.0000,
91369557,"Ignyte IGN7 DV Gloss Black Full Face Helmet",M,0.0000,
91369557,"Ignyte IGN7 DV Gloss Black Full Face Helmet",L,-1.0000,
91369557,"Ignyte IGN7 DV Gloss Black Full Face Helmet",XL,0.0000,
916902224,"Steelbird Bang SB42 Off Road Full Face Helmet",,0.0000,
92867214,"Steelbird Raptor with Graphics Double Visor Helmet",,-5.0000,
933252143,"Steelbird SB42 Bargy Off Road Full Face Helmet",,0.0000,
98337847,"Steelbird Raptor Dashing Black Full Face Helmet",,0.0000,
