"Product Code","Product Name",Variant,Expected,Counted
00124630,"SMK Titan Full Face Helmet Slick Gloss Black Grey Blue GL265",S,0.0000,
00124630,"SMK Titan Full Face Helmet Slick Gloss Black Grey Blue GL265",M,0.0000,
00124630,"SMK Titan Full Face Helmet Slick Gloss Black Grey Blue GL265",L,0.0000,
00124630,"SMK Titan Full Face Helmet Slick Gloss Black Grey Blue GL265",XL,0.0000,
00124630,"SMK Titan Full Face Helmet Slick Gloss Black Grey Blue GL265",2XL,0.0000,
00616706,"SMK Typhoon Thorn Gloss Black Blue White Full Face Helmet GL251",S,0.0000,
00616706,"SMK Typhoon Thorn Gloss Black Blue White Full Face Helmet GL251",M,0.0000,
00616706,"SMK Typhoon Thorn Gloss Black Blue White Full Face Helmet GL251",L,0.0000,
00616706,"SMK Typhoon Thorn Gloss Black Blue White Full Face Helmet GL251",XL,0.0000,
01021201,"SMK Stellar Trek Black Fluoro Yellow GL243 Helmet",S,0.0000,
01021201,"SMK Stellar Trek Black Fluoro Yellow GL243 Helmet",M,0.0000,
01021201,"SMK Stellar Trek Black Fluoro Yellow GL243 Helmet",L,0.0000,
01021201,"SMK Stellar Trek Black Fluoro Yellow GL243 Helmet",XL,0.0000,
01021201,"SMK Stellar Trek Black Fluoro Yellow GL243 Helmet",2XL,0.0000,
01647914,"Helmet Part SMK Twister/Glide Visor Smoke Pinlock 30 Ready",,-1.0000,
01875805,"Helmet Part SMK Glide Spare Liner",S,2.0000,
01875805,"Helmet Part SMK Glide Spare Liner",M,0.0000,
01875805,"Helmet Part SMK Glide Spare Liner",L,0.0000,
01875805,"Helmet Part SMK Glide Spare Liner",XL,0.0000,
01875805,"Helmet Part SMK Glide Spare Liner",3XL,1.0000,
02809249,"SMK Typhoon Motorhead Matt Yellow MA476",S,0.0000,
02809249,"SMK Typhoon Motorhead Matt Yellow MA476",M,0.0000,
02809249,"SMK Typhoon Motorhead Matt Yellow MA476",L,0.0000,
02809249,"SMK Typhoon Motorhead Matt Yellow MA476",XL,0.0000,
02809249,"SMK Typhoon Motorhead Matt Yellow MA476",2XL,0.0000,
03224443,"SMK Twister Wraith White/Blue/Red Full Face Helmet GL153",S,0.0000,
03224443,"SMK Twister Wraith White/Blue/Red Full Face Helmet GL153",M,0.0000,
03224443,"SMK Twister Wraith White/Blue/Red Full Face Helmet GL153",L,0.0000,
03224443,"SMK Twister Wraith White/Blue/Red Full Face Helmet GL153",XL,0.0000,
04723129,"Helmet Part SMK Twister Spare Liner",S,1.0000,
04723129,"Helmet Part SMK Twister Spare Liner",M,2.0000,
04723129,"Helmet Part SMK Twister Spare Liner",L,-3.0000,
04723129,"Helmet Part SMK Twister Spare Liner",XL,3.0000,
04723129,"Helmet Part SMK Twister Spare Liner",2XL,0.0000,
04727439,"SMK Stellar Samurai GL253 Gloss Black Grey Red Blue Full Face Helmet",S,0.0000,
04727439,"SMK Stellar Samurai GL253 Gloss Black Grey Red Blue Full Face Helmet",M,0.0000,
04727439,"SMK Stellar Samurai GL253 Gloss Black Grey Red Blue Full Face Helmet",L,0.0000,
04727439,"SMK Stellar Samurai GL253 Gloss Black Grey Red Blue Full Face Helmet",XL,0.0000,
05764017,"Helmet Part SMK Stellar Spoiler","Gloss Black",-1.0000,
05764017,"Helmet Part SMK Stellar Spoiler","Fluoro Yellow",0.0000,
05764017,"Helmet Part SMK Stellar Spoiler","Gloss Grey",0.0000,
05764017,"Helmet Part SMK Stellar Spoiler","Matt Black",0.0000,
05764017,"Helmet Part SMK Stellar Spoiler","Matt Grey",0.0000,
05764017,"Helmet Part SMK Stellar Spoiler","Gloss White",0.0000,
06857632,"SMK Stellar Full Face Helmet Meteorite Gloss Black Grey Green GL286",S,0.0000,
06857632,"SMK Stellar Full Face Helmet Meteorite Gloss Black Grey Green GL286",L,0.0000,
06961692,"SMK Typhoon Helmet RD1 Gloss Black Green Orange GL287",S,0.0000,
06961692,"SMK Typhoon Helmet RD1 Gloss Black Green Orange GL287",M,0.0000,
06961692,"SMK Typhoon Helmet RD1 Gloss Black Green Orange GL287",L,0.0000,
06961692,"SMK Typhoon Helmet RD1 Gloss Black Green Orange GL287",XL,0.0000,
07616991,"SMK Retro Full Face helmet Ranko  Gloss Blue Orange Yellow  GL574",S,0.0000,
07616991,"SMK Retro Full Face helmet Ranko  Gloss Blue Orange Yellow  GL574",M,1.0000,
07616991,"SMK Retro Full Face helmet Ranko  Gloss Blue Orange Yellow  GL574",L,1.0000,
07616991,"SMK Retro Full Face helmet Ranko  Gloss Blue Orange Yellow  GL574",XL,0.0000,
07984661,"SMK Typhoon RD1 Matt Black Grey Yellow Helmet MA264",S,0.0000,
07984661,"SMK Typhoon RD1 Matt Black Grey Yellow Helmet MA264",M,0.0000,
07984661,"SMK Typhoon RD1 Matt Black Grey Yellow Helmet MA264",L,0.0000,
07984661,"SMK Typhoon RD1 Matt Black Grey Yellow Helmet MA264",XL,1.0000,
07984661,"SMK Typhoon RD1 Matt Black Grey Yellow Helmet MA264",2XL,0.0000,
08018097,"SMK Stellar Full Face Helmet Meteorite Gloss Black Grey Red GL236",S,0.0000,
106540303,"SMK Stellar Rainstar Black Yellow MA264",S,0.0000,
106540303,"SMK Stellar Rainstar Black Yellow MA264",M,0.0000,
106540303,"SMK Stellar Rainstar Black Yellow MA264",L,1.0000,
106540303,"SMK Stellar Rainstar Black Yellow MA264",XL,0.0000,
10706372,"Axor Apex Chrometech Gloss Black Blue Helmet",S,0.0000,
10706372,"Axor Apex Chrometech Gloss Black Blue Helmet",M,1.0000,
10706372,"Axor Apex Chrometech Gloss Black Blue Helmet",L,1.0000,
10706372,"Axor Apex Chrometech Gloss Black Blue Helmet",XL,0.0000,
11912161,"Axor Apex Venomous Matt Black Neon Green Full Face Helmet",S,0.0000,
11912161,"Axor Apex Venomous Matt Black Neon Green Full Face Helmet",M,0.0000,
11912161,"Axor Apex Venomous Matt Black Neon Green Full Face Helmet",L,0.0000,
11912161,"Axor Apex Venomous Matt Black Neon Green Full Face Helmet",XL,0.0000,
12408333,"SMK Stellar Full Face Helmet Graffiti Blue Red Orange GL537",S,0.0000,
12408333,"SMK Stellar Full Face Helmet Graffiti Blue Red Orange GL537",M,0.0000,
12408333,"SMK Stellar Full Face Helmet Graffiti Blue Red Orange GL537",L,0.0000,
12408333,"SMK Stellar Full Face Helmet Graffiti Blue Red Orange GL537",XL,0.0000,
126224994,"SMK Twister Skull Black Yellow/Green Full Face Helmet MA240",M,0.0000,
126224994,"SMK Twister Skull Black Yellow/Green Full Face Helmet MA240",L,0.0000,
128233413,"SMK Twister Zest Matt Blue Yellow Full Face Helmet MA254",,0.0000,
135505670,"SMK Stellar Full Face Helmet Unicolour Matt Black MA200",S,0.0000,
135505670,"SMK Stellar Full Face Helmet Unicolour Matt Black MA200",M,0.0000,
135505670,"SMK Stellar Full Face Helmet Unicolour Matt Black MA200",L,0.0000,
135505670,"SMK Stellar Full Face Helmet Unicolour Matt Black MA200",XL,0.0000,
135505670,"SMK Stellar Full Face Helmet Unicolour Matt Black MA200",2XL,0.0000,
13816278,"SMK Typhoon Full Face Helmet Matt Black Red Raptor MA233",S,0.0000,
13816278,"SMK Typhoon Full Face Helmet Matt Black Red Raptor MA233",M,0.0000,
13816278,"SMK Typhoon Full Face Helmet Matt Black Red Raptor MA233",L,0.0000,
13816278,"SMK Typhoon Full Face Helmet Matt Black Red Raptor MA233",XL,0.0000,
13816278,"SMK Typhoon Full Face Helmet Matt Black Red Raptor MA233",2XL,0.0000,
13922497,"Helmet Part SMK Stellar Visor Mirror",,1.0000,
14106638,"SMK Twister Cartoon Green Full Face Helmet MA241",L,0.0000,
14106638,"SMK Twister Cartoon Green Full Face Helmet MA241",S,0.0000,
14106638,"SMK Twister Cartoon Green Full Face Helmet MA241",M,0.0000,
14106638,"SMK Twister Cartoon Green Full Face Helmet MA241",XL,0.0000,
14207786,"Helmet Part SMK Typhoon Clear Visor",,4.0000,
15272250,"Helmet Part SMK Typhoon Mirror Visor",,1.0000,
15679259,"Axor Apex XBHP Speed Of Thought Full Face Helmet",S,0.0000,
15679259,"Axor Apex XBHP Speed Of Thought Full Face Helmet",M,0.0000,
15679259,"Axor Apex XBHP Speed Of Thought Full Face Helmet",L,0.0000,
15679259,"Axor Apex XBHP Speed Of Thought Full Face Helmet",XL,0.0000,
15679259,"Axor Apex XBHP Speed Of Thought Full Face Helmet",2XL,0.0000,
16118360,"SMK Twister Dragon Helmet Gloss Neon Blue GL458",S,0.0000,
16118360,"SMK Twister Dragon Helmet Gloss Neon Blue GL458",M,0.0000,
16118360,"SMK Twister Dragon Helmet Gloss Neon Blue GL458",L,0.0000,
16118360,"SMK Twister Dragon Helmet Gloss Neon Blue GL458",XL,0.0000,
16431640,"Axor Apex Hunter Gloss Black Green Full Face Helmet",S,0.0000,
16431640,"Axor Apex Hunter Gloss Black Green Full Face Helmet",M,0.0000,
16431640,"Axor Apex Hunter Gloss Black Green Full Face Helmet",L,0.0000,
16431640,"Axor Apex Hunter Gloss Black Green Full Face Helmet",XL,0.0000,
16431640,"Axor Apex Hunter Gloss Black Green Full Face Helmet",2XL,0.0000,
16633777,"SMK Typhoon RD1 Full Face Helmet Matt Black Grey MA216",S,0.0000,
16633777,"SMK Typhoon RD1 Full Face Helmet Matt Black Grey MA216",M,0.0000,
16633777,"SMK Typhoon RD1 Full Face Helmet Matt Black Grey MA216",L,0.0000,
16633777,"SMK Typhoon RD1 Full Face Helmet Matt Black Grey MA216",XL,0.0000,
169609611,"SMK Twister Zest Matt Orange Full Face Helmet MA271",M,0.0000,
169609611,"SMK Twister Zest Matt Orange Full Face Helmet MA271",L,0.0000,
169609611,"SMK Twister Zest Matt Orange Full Face Helmet MA271",XL,0.0000,
172469393,"SMK Stellar Dynamo Matt Black Blue MA254",S,0.0000,
172469393,"SMK Stellar Dynamo Matt Black Blue MA254",M,0.0000,
172469393,"SMK Stellar Dynamo Matt Black Blue MA254",L,0.0000,
172469393,"SMK Stellar Dynamo Matt Black Blue MA254",XL,0.0000,
17926248,"SMK Stellar Stage Gloss Blue White GL551 Full Face Helmet",S,0.0000,
17926248,"SMK Stellar Stage Gloss Blue White GL551 Full Face Helmet",M,0.0000,
17926248,"SMK Stellar Stage Gloss Blue White GL551 Full Face Helmet",L,0.0000,
17926248,"SMK Stellar Stage Gloss Blue White GL551 Full Face Helmet",XL,0.0000,
18382904,"SMK Typhoon Grunge Full Face Helmet Gloss Black Green GL826",S,0.0000,
18382904,"SMK Typhoon Grunge Full Face Helmet Gloss Black Green GL826",M,0.0000,
18382904,"SMK Typhoon Grunge Full Face Helmet Gloss Black Green GL826",L,0.0000,
18382904,"SMK Typhoon Grunge Full Face Helmet Gloss Black Green GL826",XL,0.0000,
18635978,"SMK Glide Kyren Grey Green Full Face Helmet MA268",S,0.0000,
18635978,"SMK Glide Kyren Grey Green Full Face Helmet MA268",M,0.0000,
18635978,"SMK Glide Kyren Grey Green Full Face Helmet MA268",L,0.0000,
18635978,"SMK Glide Kyren Grey Green Full Face Helmet MA268",XL,0.0000,
18635978,"SMK Glide Kyren Grey Green Full Face Helmet MA268",2XL,0.0000,
19117364,"SMK Gullwing Flip Up Helmet Kresto Gloss Black Grey Yellow GL264",S,0.0000,
19117364,"SMK Gullwing Flip Up Helmet Kresto Gloss Black Grey Yellow GL264",M,0.0000,
19117364,"SMK Gullwing Flip Up Helmet Kresto Gloss Black Grey Yellow GL264",L,0.0000,
19117364,"SMK Gullwing Flip Up Helmet Kresto Gloss Black Grey Yellow GL264",XL,0.0000,
19266330,"SMK Glide Kyren Matt Black Red Helmet MA263",S,0.0000,
19266330,"SMK Glide Kyren Matt Black Red Helmet MA263",M,0.0000,
19266330,"SMK Glide Kyren Matt Black Red Helmet MA263",L,0.0000,
19266330,"SMK Glide Kyren Matt Black Red Helmet MA263",XL,0.0000,
19266330,"SMK Glide Kyren Matt Black Red Helmet MA263",2XL,0.0000,
19266330,"SMK Glide Kyren Matt Black Red Helmet MA263",3XL,0.0000,
193300577,"SMK Glide Unicolour White Full Face Helmet GL100",M,0.0000,
193300577,"SMK Glide Unicolour White Full Face Helmet GL100",L,0.0000,
20609400,"SMK Gullwing Flip Up Helmet Kresto Matt Black Grey Yellow MA264",S,0.0000,
20609400,"SMK Gullwing Flip Up Helmet Kresto Matt Black Grey Yellow MA264",M,0.0000,
20609400,"SMK Gullwing Flip Up Helmet Kresto Matt Black Grey Yellow MA264",L,0.0000,
20609400,"SMK Gullwing Flip Up Helmet Kresto Matt Black Grey Yellow MA264",XL,0.0000,
21095532,"Axor Apex Venomous Gloss Black Blue Full Face Helmet",S,0.0000,
21095532,"Axor Apex Venomous Gloss Black Blue Full Face Helmet",M,0.0000,
21095532,"Axor Apex Venomous Gloss Black Blue Full Face Helmet",L,0.0000,
21095532,"Axor Apex Venomous Gloss Black Blue Full Face Helmet",XL,0.0000,
21095532,"Axor Apex Venomous Gloss Black Blue Full Face Helmet",2XL,0.0000,
21278510,"Axor Apex Hunter Matt Black Green Full Face Helmet",S,0.0000,
21278510,"Axor Apex Hunter Matt Black Green Full Face Helmet",M,0.0000,
21278510,"Axor Apex Hunter Matt Black Green Full Face Helmet",L,0.0000,
21278510,"Axor Apex Hunter Matt Black Green Full Face Helmet",XL,0.0000,
21278510,"Axor Apex Hunter Matt Black Green Full Face Helmet",2XL,0.0000,
21827488,"SMK Stellar Stage Matt Black Grey MA262 Full Face Helmet",S,0.0000,
21827488,"SMK Stellar Stage Matt Black Grey MA262 Full Face Helmet",M,0.0000,
21827488,"SMK Stellar Stage Matt Black Grey MA262 Full Face Helmet",L,0.0000,
21827488,"SMK Stellar Stage Matt Black Grey MA262 Full Face Helmet",XL,0.0000,
23236991,"Helmet Part SMK Stellar Visor Mechanism",,0.0000,
24755880,"SMK Stellar Swank Matt Anthracite Orange MADA672",S,0.0000,
24755880,"SMK Stellar Swank Matt Anthracite Orange MADA672",M,0.0000,
24755880,"SMK Stellar Swank Matt Anthracite Orange MADA672",L,0.0000,
24755880,"SMK Stellar Swank Matt Anthracite Orange MADA672",XL,0.0000,
24924980,"Axor Apex Turbine Matt Black Red Full Face Helmet",S,0.0000,
24924980,"Axor Apex Turbine Matt Black Red Full Face Helmet",M,0.0000,
24924980,"Axor Apex Turbine Matt Black Red Full Face Helmet",L,0.0000,
24924980,"Axor Apex Turbine Matt Black Red Full Face Helmet",XL,0.0000,
268616573,"SMK Twister Logo Yellow Full Face Helmet MA241",S,0.0000,
268616573,"SMK Twister Logo Yellow Full Face Helmet MA241",M,0.0000,
27934016,"SMK Twister Twilight Black White Yellow GL241 Full Face Helmet",L,0.0000,
27934016,"SMK Twister Twilight Black White Yellow GL241 Full Face Helmet",XL,0.0000,
27934016,"SMK Twister Twilight Black White Yellow GL241 Full Face Helmet",S,0.0000,
27934016,"SMK Twister Twilight Black White Yellow GL241 Full Face Helmet",M,0.0000,
28959597,"Helmet Part SMK Twister/Glide Visor Mirror/Rainbow",,0.0000,
29117002,"Axor Street Batman Gloss Black Grey Full Face Helmet",S,0.0000,
29117002,"Axor Street Batman Gloss Black Grey Full Face Helmet",M,1.0000,
29117002,"Axor Street Batman Gloss Black Grey Full Face Helmet",L,0.0000,
29117002,"Axor Street Batman Gloss Black Grey Full Face Helmet",XL,0.0000,
29264739,"Axor Apex Ride Fast Gloss Black Red Full Face Helmet",S,0.0000,
29264739,"Axor Apex Ride Fast Gloss Black Red Full Face Helmet",M,0.0000,
29264739,"Axor Apex Ride Fast Gloss Black Red Full Face Helmet",L,0.0000,
29264739,"Axor Apex Ride Fast Gloss Black Red Full Face Helmet",XL,0.0000,
29394936,"SMK Titan Slick Full Face Helmet Gloss White Blue Red GL153",S,0.0000,
29394936,"SMK Titan Slick Full Face Helmet Gloss White Blue Red GL153",M,0.0000,
29394936,"SMK Titan Slick Full Face Helmet Gloss White Blue Red GL153",L,0.0000,
29394936,"SMK Titan Slick Full Face Helmet Gloss White Blue Red GL153",XL,0.0000,
30035631,"SMK Retro Full Face Helmet Ranko  Gloss Blue Black Green  GL428",S,0.0000,
30035631,"SMK Retro Full Face Helmet Ranko  Gloss Blue Black Green  GL428",M,0.0000,
30035631,"SMK Retro Full Face Helmet Ranko  Gloss Blue Black Green  GL428",L,0.0000,
30035631,"SMK Retro Full Face Helmet Ranko  Gloss Blue Black Green  GL428",XL,0.0000,
310880028,"SMK Twister Skull Black Orange Full Face Helmet MA270",S,0.0000,
310880028,"SMK Twister Skull Black Orange Full Face Helmet MA270",L,0.0000,
31498808,"Axor Rage War Dull/Matt Black Silver Full Face Helmet",S,0.0000,
31498808,"Axor Rage War Dull/Matt Black Silver Full Face Helmet",M,0.0000,
31498808,"Axor Rage War Dull/Matt Black Silver Full Face Helmet",L,0.0000,
31498808,"Axor Rage War Dull/Matt Black Silver Full Face Helmet",XL,0.0000,
31788234,"Helmet Part Axor Apex Visor",Clear,1.0000,
31788234,"Helmet Part Axor Apex Visor",Silver/Mirror,0.0000,
31788234,"Helmet Part Axor Apex Visor",Smoke,2.0000,
31788234,"Helmet Part Axor Apex Visor",Red,0.0000,
31788234,"Helmet Part Axor Apex Visor",Blue,2.0000,
31788234,"Helmet Part Axor Apex Visor",Rainbow,0.0000,
32191414,"SMK Typhoon Full Face Helmet Gloss Black White Red Raptor GL213",S,0.0000,
32191414,"SMK Typhoon Full Face Helmet Gloss Black White Red Raptor GL213",M,0.0000,
32191414,"SMK Typhoon Full Face Helmet Gloss Black White Red Raptor GL213",L,0.0000,
32191414,"SMK Typhoon Full Face Helmet Gloss Black White Red Raptor GL213",XL,0.0000,
32191414,"SMK Typhoon Full Face Helmet Gloss Black White Red Raptor GL213",2XL,0.0000,
33015215,"SMK Typhoon Full Face Helmet Unicolour Matt Black MA200",S,0.0000,
33015215,"SMK Typhoon Full Face Helmet Unicolour Matt Black MA200",M,0.0000,
33015215,"SMK Typhoon Full Face Helmet Unicolour Matt Black MA200",L,1.0000,
33015215,"SMK Typhoon Full Face Helmet Unicolour Matt Black MA200",XL,0.0000,
33015215,"SMK Typhoon Full Face Helmet Unicolour Matt Black MA200",2XL,0.0000,
33186696,"Helmet Part SMK Typhoon Visor Mechanism",,13.0000,
334057598,"SMK Stellar Trek Black Grey Fluoroscent Yellow MA264",S,0.0000,
334057598,"SMK Stellar Trek Black Grey Fluoroscent Yellow MA264",M,0.0000,
334057598,"SMK Stellar Trek Black Grey Fluoroscent Yellow MA264",L,0.0000,
334057598,"SMK Stellar Trek Black Grey Fluoroscent Yellow MA264",XL,0.0000,
33596902,"SMK Twister Full Face Helmet Captain Gloss Black White Grey GL266",S,0.0000,
33596902,"SMK Twister Full Face Helmet Captain Gloss Black White Grey GL266",M,0.0000,
33596902,"SMK Twister Full Face Helmet Captain Gloss Black White Grey GL266",L,0.0000,
33596902,"SMK Twister Full Face Helmet Captain Gloss Black White Grey GL266",XL,0.0000,
339637100,"SMK Stellar Rainstar Black Red MADA623",S,0.0000,
339637100,"SMK Stellar Rainstar Black Red MADA623",M,0.0000,
345448060,"SMK Stellar Unicolour Full Face Helmet Glossy Black GL200",S,1.0000,
345448060,"SMK Stellar Unicolour Full Face Helmet Glossy Black GL200",M,0.0000,
345448060,"SMK Stellar Unicolour Full Face Helmet Glossy Black GL200",L,0.0000,
345448060,"SMK Stellar Unicolour Full Face Helmet Glossy Black GL200",XL,0.0000,
345448060,"SMK Stellar Unicolour Full Face Helmet Glossy Black GL200",2XL,0.0000,
350369269,"SMK Twister Blade Matt Black Red Full Face Helmet MA236",,0.0000,
350398954,"SMK Glide Flash Vision Full Face Helmet HV420",S,0.0000,
350398954,"SMK Glide Flash Vision Full Face Helmet HV420",M,0.0000,
350398954,"SMK Glide Flash Vision Full Face Helmet HV420",XL,0.0000,
35396752,"SMK Hybrid Evo Matt Black Full Face Helmet",,0.0000,
35595087,"Helmet Part SMK Twister/Glide Visor Clear Pinlock 30",,9.0000,
359079146,"SMK Twister Blade Matt Black Blue Full Face Helmet MA256",,0.0000,
360751981,"SMK Force Mirror Visor",,0.0000,
37428092,"SMK Alterra Offroad Helmet Fulmine GL174 Gloss White Neon Orange",S,0.0000,
37428092,"SMK Alterra Offroad Helmet Fulmine GL174 Gloss White Neon Orange",M,0.0000,
37428092,"SMK Alterra Offroad Helmet Fulmine GL174 Gloss White Neon Orange",L,0.0000,
37428092,"SMK Alterra Offroad Helmet Fulmine GL174 Gloss White Neon Orange",XL,0.0000,
376623948,"SMK Twister Captain Grey Full Face Helmet MA266",S,0.0000,
376623948,"SMK Twister Captain Grey Full Face Helmet MA266",M,0.0000,
376623948,"SMK Twister Captain Grey Full Face Helmet MA266",L,0.0000,
376623948,"SMK Twister Captain Grey Full Face Helmet MA266",XL,0.0000,
38926110,"SMK Stellar Sports K Power Gloss Grey Red Blue GL635",S,0.0000,
38926110,"SMK Stellar Sports K Power Gloss Grey Red Blue GL635",M,0.0000,
38926110,"SMK Stellar Sports K Power Gloss Grey Red Blue GL635",L,1.0000,
38926110,"SMK Stellar Sports K Power Gloss Grey Red Blue GL635",XL,0.0000,
38926110,"SMK Stellar Sports K Power Gloss Grey Red Blue GL635",2XL,0.0000,
395449530,"SMK Twister Logo Black White Full Face Helmet MA261",S,0.0000,
395449530,"SMK Twister Logo Black White Full Face Helmet MA261",M,0.0000,
395449530,"SMK Twister Logo Black White Full Face Helmet MA261",L,0.0000,
395449530,"SMK Twister Logo Black White Full Face Helmet MA261",XL,0.0000,
39765067,"Helmet Part SMK Twister Visor Mechanism Set",,-1.0000,
39777944,"Axor Flow Riding Jacket Grey",S,0.0000,
39777944,"Axor Flow Riding Jacket Grey",M,0.0000,
39777944,"Axor Flow Riding Jacket Grey",L,0.0000,
39777944,"Axor Flow Riding Jacket Grey",XL,0.0000,
39777944,"Axor Flow Riding Jacket Grey",2XL,0.0000,
39916702,"SMK Stellar Full Face Helmet Animal  Gloss Black Red White GL231",S,0.0000,
39916702,"SMK Stellar Full Face Helmet Animal  Gloss Black Red White GL231",M,0.0000,
39916702,"SMK Stellar Full Face Helmet Animal  Gloss Black Red White GL231",L,0.0000,
39916702,"SMK Stellar Full Face Helmet Animal  Gloss Black Red White GL231",XL,0.0000,
401133181,"SMK Stellar Rainstar Black White Red MA213",S,0.0000,
401133181,"SMK Stellar Rainstar Black White Red MA213",M,1.0000,
401446287,"SMK Twister Unicolour Anthracite Full Face Helmet GLDA600",L,0.0000,
401446287,"SMK Twister Unicolour Anthracite Full Face Helmet GLDA600",XL,0.0000,
40352793,"Helmet Part SMK Force Visor Metal Fitment Screw",,0.0000,
40470729,"SMK Top Case TCR291N Black",,0.0000,
40591858,"SMK Typhoon Helmet RD1 Matt Black Yellow Grey MA246",S,0.0000,
40591858,"SMK Typhoon Helmet RD1 Matt Black Yellow Grey MA246",M,0.0000,
40591858,"SMK Typhoon Helmet RD1 Matt Black Yellow Grey MA246",L,0.0000,
40591858,"SMK Typhoon Helmet RD1 Matt Black Yellow Grey MA246",XL,0.0000,
41344042,"Axor Apex Turbine Matt Black Orange Full Face Helmet",S,0.0000,
41344042,"Axor Apex Turbine Matt Black Orange Full Face Helmet",M,0.0000,
41344042,"Axor Apex Turbine Matt Black Orange Full Face Helmet",L,0.0000,
41344042,"Axor Apex Turbine Matt Black Orange Full Face Helmet",XL,0.0000,
41749412,"SMK Typhoon Style Gloss Black Grey Red Helmet GL236",S,0.0000,
41749412,"SMK Typhoon Style Gloss Black Grey Red Helmet GL236",M,0.0000,
41749412,"SMK Typhoon Style Gloss Black Grey Red Helmet GL236",L,0.0000,
41749412,"SMK Typhoon Style Gloss Black Grey Red Helmet GL236",XL,1.0000,
424273259,"SMK Twister Attack Blue Full Face Helmet MA256",S,0.0000,
424273259,"SMK Twister Attack Blue Full Face Helmet MA256",M,0.0000,
424273259,"SMK Twister Attack Blue Full Face Helmet MA256",L,0.0000,
42453958,"Helmet Part SMK Force Pivot Kit Outer",,0.0000,
42604768,"SMK Stellar Full Face Helmet Bolt Black White Grey MA261",S,0.0000,
42604768,"SMK Stellar Full Face Helmet Bolt Black White Grey MA261",M,0.0000,
42604768,"SMK Stellar Full Face Helmet Bolt Black White Grey MA261",L,0.0000,
42604768,"SMK Stellar Full Face Helmet Bolt Black White Grey MA261",XL,0.0000,
42706192,"SMK Typhoon Unicolour Helmet Gloss Black GL200",S,0.0000,
42706192,"SMK Typhoon Unicolour Helmet Gloss Black GL200",M,0.0000,
42706192,"SMK Typhoon Unicolour Helmet Gloss Black GL200",L,0.0000,
42706192,"SMK Typhoon Unicolour Helmet Gloss Black GL200",XL,0.0000,
42952822,"SMK Twister Dragon GL258 Gloss Black Blue Green Helmet",S,0.0000,
42952822,"SMK Twister Dragon GL258 Gloss Black Blue Green Helmet",M,0.0000,
42952822,"SMK Twister Dragon GL258 Gloss Black Blue Green Helmet",L,0.0000,
42952822,"SMK Twister Dragon GL258 Gloss Black Blue Green Helmet",XL,0.0000,
42980347,"SMK Glide Kyren Black Grey Yellow Full Face Helmet MA264",L,0.0000,
42980347,"SMK Glide Kyren Black Grey Yellow Full Face Helmet MA264",2XL,0.0000,
42980347,"SMK Glide Kyren Black Grey Yellow Full Face Helmet MA264",XL,0.0000,
42980347,"SMK Glide Kyren Black Grey Yellow Full Face Helmet MA264",M,0.0000,
431548540,"SMK Stellar Dynamo Matt Black White MA216",S,0.0000,
431548540,"SMK Stellar Dynamo Matt Black White MA216",M,0.0000,
431548540,"SMK Stellar Dynamo Matt Black White MA216",L,0.0000,
43394951,"SMK Stellar Full Face Helmet Squad White Black Red MA132",S,0.0000,
43394951,"SMK Stellar Full Face Helmet Squad White Black Red MA132",M,0.0000,
43394951,"SMK Stellar Full Face Helmet Squad White Black Red MA132",L,0.0000,
43394951,"SMK Stellar Full Face Helmet Squad White Black Red MA132",XL,0.0000,
43481678,"SMK Twister Cartoon Orange Full Face Helmet MA271",S,0.0000,
43481678,"SMK Twister Cartoon Orange Full Face Helmet MA271",M,0.0000,
43481678,"SMK Twister Cartoon Orange Full Face Helmet MA271",L,0.0000,
43796243,"Axor Cruise 2 Riding Jacket Black Neon Yellow",S,0.0000,
43796243,"Axor Cruise 2 Riding Jacket Black Neon Yellow",M,0.0000,
43796243,"Axor Cruise 2 Riding Jacket Black Neon Yellow",L,0.0000,
43796243,"Axor Cruise 2 Riding Jacket Black Neon Yellow",XL,0.0000,
43796243,"Axor Cruise 2 Riding Jacket Black Neon Yellow",2XL,0.0000,
44834741,"Helmet Part Axor Street Visor",Clear,1.0000,
44834741,"Helmet Part Axor Street Visor",Smoke,1.0000,
44834741,"Helmet Part Axor Street Visor",Mirror,0.0000,
44834741,"Helmet Part Axor Street Visor",Blue,1.0000,
44834741,"Helmet Part Axor Street Visor",Red,0.0000,
45297166,"SMK Titan Full Face Helmet Firefly  Matt Black Green Yellow MA284",S,0.0000,
45297166,"SMK Titan Full Face Helmet Firefly  Matt Black Green Yellow MA284",M,0.0000,
45297166,"SMK Titan Full Face Helmet Firefly  Matt Black Green Yellow MA284",L,0.0000,
45297166,"SMK Titan Full Face Helmet Firefly  Matt Black Green Yellow MA284",XL,0.0000,
45297166,"SMK Titan Full Face Helmet Firefly  Matt Black Green Yellow MA284",2XL,0.0000,
461363701,"SMK Twister Blade Matt Black Orange Full Face Helmet MA276",,0.0000,
46585956,"SMK Stellar Wings Gloss Fluro Blue Red GL543",S,0.0000,
46585956,"SMK Stellar Wings Gloss Fluro Blue Red GL543",M,0.0000,
46585956,"SMK Stellar Wings Gloss Fluro Blue Red GL543",L,0.0000,
46585956,"SMK Stellar Wings Gloss Fluro Blue Red GL543",XL,0.0000,
46636895,"Axor Apex Turbine Gloss Black Neon/Yellow Grey Full Face Helmet",S,0.0000,
46636895,"Axor Apex Turbine Gloss Black Neon/Yellow Grey Full Face Helmet",M,0.0000,
46636895,"Axor Apex Turbine Gloss Black Neon/Yellow Grey Full Face Helmet",L,0.0000,
46636895,"Axor Apex Turbine Gloss Black Neon/Yellow Grey Full Face Helmet",XL,0.0000,
46636895,"Axor Apex Turbine Gloss Black Neon/Yellow Grey Full Face Helmet",2XL,0.0000,
46844782,"SMK Gullwing Flip Up Helmet Matt Black MA200",S,0.0000,
46844782,"SMK Gullwing Flip Up Helmet Matt Black MA200",M,0.0000,
46844782,"SMK Gullwing Flip Up Helmet Matt Black MA200",L,0.0000,
46844782,"SMK Gullwing Flip Up Helmet Matt Black MA200",XL,0.0000,
46844782,"SMK Gullwing Flip Up Helmet Matt Black MA200",2XL,0.0000,
47578443,"Axor Apex Hunter Gloss Black Red Full Face Helmet",S,0.0000,
47578443,"Axor Apex Hunter Gloss Black Red Full Face Helmet",M,0.0000,
47578443,"Axor Apex Hunter Gloss Black Red Full Face Helmet",L,0.0000,
47578443,"Axor Apex Hunter Gloss Black Red Full Face Helmet",XL,0.0000,
47578443,"Axor Apex Hunter Gloss Black Red Full Face Helmet",2XL,0.0000,
47673597,"SMK Titan Full Face Helmet Firefly Gloss Blue White Red GL513",S,0.0000,
47673597,"SMK Titan Full Face Helmet Firefly Gloss Blue White Red GL513",M,0.0000,
47673597,"SMK Titan Full Face Helmet Firefly Gloss Blue White Red GL513",L,0.0000,
47673597,"SMK Titan Full Face Helmet Firefly Gloss Blue White Red GL513",XL,0.0000,
47673597,"SMK Titan Full Face Helmet Firefly Gloss Blue White Red GL513",2XL,0.0000,
47782116,"SMK Typhoon Reptile Gloss Black Grey Orange Full Face Helmet GL267",XL,0.0000,
485020449,"SMK Twister Logo Blue Full Face Helmet MA251",S,0.0000,
485020449,"SMK Twister Logo Blue Full Face Helmet MA251",M,0.0000,
485020449,"SMK Twister Logo Blue Full Face Helmet MA251",L,0.0000,
485020449,"SMK Twister Logo Blue Full Face Helmet MA251",XL,0.0000,
498351816,"SMK Twister Skull White Black Full Face Helmet GL120",,0.0000,
49835532,"Axor Slipstream Boots Black Blue",UK5,0.0000,
49835532,"Axor Slipstream Boots Black Blue",UK6,0.0000,
49835532,"Axor Slipstream Boots Black Blue",UK7,0.0000,
49835532,"Axor Slipstream Boots Black Blue",UK8,0.0000,
49835532,"Axor Slipstream Boots Black Blue",UK9,0.0000,
49835532,"Axor Slipstream Boots Black Blue",UK10,0.0000,
49835532,"Axor Slipstream Boots Black Blue",UK11,0.0000,
49835532,"Axor Slipstream Boots Black Blue",UK12,0.0000,
50040699,"Axor Apex Hex 2 Gloss Neon Yellow Blue Helmet",S,0.0000,
50040699,"Axor Apex Hex 2 Gloss Neon Yellow Blue Helmet",M,1.0000,
50040699,"Axor Apex Hex 2 Gloss Neon Yellow Blue Helmet",L,0.0000,
50040699,"Axor Apex Hex 2 Gloss Neon Yellow Blue Helmet",XL,0.0000,
50040699,"Axor Apex Hex 2 Gloss Neon Yellow Blue Helmet",2XL,0.0000,
50432513,"Axor Flow Riding Jacket Neon Green",S,0.0000,
50432513,"Axor Flow Riding Jacket Neon Green",M,0.0000,
50432513,"Axor Flow Riding Jacket Neon Green",L,0.0000,
50432513,"Axor Flow Riding Jacket Neon Green",XL,0.0000,
50432513,"Axor Flow Riding Jacket Neon Green",2XL,0.0000,
504892120,"SMK Stellar Trek Black Fluoroscent Yellow MA243",S,0.0000,
504892120,"SMK Stellar Trek Black Fluoroscent Yellow MA243",L,1.0000,
504892120,"SMK Stellar Trek Black Fluoroscent Yellow MA243",XS,0.0000,
50786028,"Axor Apex Turbine Gloss Black Blue Full Face Helmet",S,0.0000,
50786028,"Axor Apex Turbine Gloss Black Blue Full Face Helmet",M,0.0000,
50786028,"Axor Apex Turbine Gloss Black Blue Full Face Helmet",L,0.0000,
50786028,"Axor Apex Turbine Gloss Black Blue Full Face Helmet",XL,0.0000,
50929305,"SMK Stellar Sports K Power Matt Black Grey Helmet MA267",S,0.0000,
50929305,"SMK Stellar Sports K Power Matt Black Grey Helmet MA267",M,0.0000,
50929305,"SMK Stellar Sports K Power Matt Black Grey Helmet MA267",L,0.0000,
50929305,"SMK Stellar Sports K Power Matt Black Grey Helmet MA267",XL,0.0000,
51027044,"SMK Typhoon RD1 Full Face Helmet Gloss Black Grey GL216",S,0.0000,
51027044,"SMK Typhoon RD1 Full Face Helmet Gloss Black Grey GL216",M,0.0000,
51027044,"SMK Typhoon RD1 Full Face Helmet Gloss Black Grey GL216",L,0.0000,
51027044,"SMK Typhoon RD1 Full Face Helmet Gloss Black Grey GL216",XL,0.0000,
51070609,"SMK Stellar Stage Gloss Black Orange White MA217 Full Face Helmet",S,0.0000,
51070609,"SMK Stellar Stage Gloss Black Orange White MA217 Full Face Helmet",M,0.0000,
51070609,"SMK Stellar Stage Gloss Black Orange White MA217 Full Face Helmet",L,0.0000,
51070609,"SMK Stellar Stage Gloss Black Orange White MA217 Full Face Helmet",XL,0.0000,
51171981,"Helmet Part SMK Force Visor Clear",,0.0000,
51711820,"SMK Twister Twilight Black White Blue GL251 Full Face Helmet",S,0.0000,
51711820,"SMK Twister Twilight Black White Blue GL251 Full Face Helmet",M,0.0000,
51711820,"SMK Twister Twilight Black White Blue GL251 Full Face Helmet",L,0.0000,
51711820,"SMK Twister Twilight Black White Blue GL251 Full Face Helmet",XL,0.0000,
52912236,"Axor Apex Turbine Matt Black Neon/Yellow Grey Full Face Helmet",S,0.0000,
52912236,"Axor Apex Turbine Matt Black Neon/Yellow Grey Full Face Helmet",M,0.0000,
52912236,"Axor Apex Turbine Matt Black Neon/Yellow Grey Full Face Helmet",L,0.0000,
52912236,"Axor Apex Turbine Matt Black Neon/Yellow Grey Full Face Helmet",XL,0.0000,
53060662,"SMK Stellar Swank Fluoroscent Yellow GL423",S,0.0000,
53060662,"SMK Stellar Swank Fluoroscent Yellow GL423",M,0.0000,
53060662,"SMK Stellar Swank Fluoroscent Yellow GL423",L,0.0000,
53060662,"SMK Stellar Swank Fluoroscent Yellow GL423",XL,0.0000,
53109462,"SMK Typhoon Full Face Helmet Unicolour Hi Viz HV400",M,1.0000,
53659541,"Axor Apex DC Joker Gloss White Green Full Face Helmet",S,0.0000,
53659541,"Axor Apex DC Joker Gloss White Green Full Face Helmet",M,1.0000,
53659541,"Axor Apex DC Joker Gloss White Green Full Face Helmet",L,1.0000,
53659541,"Axor Apex DC Joker Gloss White Green Full Face Helmet",XL,0.0000,
53659541,"Axor Apex DC Joker Gloss White Green Full Face Helmet",2XL,0.0000,
53892667,"Axor Jarvis Green Black Full Face Helmet",,1.0000,
54381516,"Axor Apex Venomous Matt Black Grey Full Face Helmet",S,0.0000,
54381516,"Axor Apex Venomous Matt Black Grey Full Face Helmet",M,1.0000,
54381516,"Axor Apex Venomous Matt Black Grey Full Face Helmet",L,1.0000,
54381516,"Axor Apex Venomous Matt Black Grey Full Face Helmet",XL,0.0000,
54625208,"Axor Apex Venomous Matt Black Blue Full Face Helmet",S,0.0000,
54625208,"Axor Apex Venomous Matt Black Blue Full Face Helmet",M,0.0000,
54625208,"Axor Apex Venomous Matt Black Blue Full Face Helmet",L,0.0000,
54625208,"Axor Apex Venomous Matt Black Blue Full Face Helmet",XL,0.0000,
550517129,"SMK Stellar Trek Black Red MA275",S,0.0000,
550517129,"SMK Stellar Trek Black Red MA275",M,0.0000,
550517129,"SMK Stellar Trek Black Red MA275",L,0.0000,
550517129,"SMK Stellar Trek Black Red MA275",XL,0.0000,
556835600,"SMK Twister Unicolour White Full Face Helmet GL100",S,0.0000,
556835600,"SMK Twister Unicolour White Full Face Helmet GL100",M,0.0000,
556835600,"SMK Twister Unicolour White Full Face Helmet GL100",L,0.0000,
56046594,"SMK Typhoon Thorn Full Face Helmet Gloss Black Orange Grey GL276",S,0.0000,
56046594,"SMK Typhoon Thorn Full Face Helmet Gloss Black Orange Grey GL276",M,0.0000,
56046594,"SMK Typhoon Thorn Full Face Helmet Gloss Black Orange Grey GL276",L,0.0000,
56046594,"SMK Typhoon Thorn Full Face Helmet Gloss Black Orange Grey GL276",XL,0.0000,
56386307,"SMK Stellar Full Face Helmet Squad Black Red Yellow MA234",S,0.0000,
56386307,"SMK Stellar Full Face Helmet Squad Black Red Yellow MA234",M,0.0000,
56386307,"SMK Stellar Full Face Helmet Squad Black Red Yellow MA234",L,0.0000,
56386307,"SMK Stellar Full Face Helmet Squad Black Red Yellow MA234",XL,0.0000,
566356508,"SMK Glide Unicolour Matt Black Full Face Helmet MA200",L,0.0000,
566356508,"SMK Glide Unicolour Matt Black Full Face Helmet MA200",M,0.0000,
566356508,"SMK Glide Unicolour Matt Black Full Face Helmet MA200",XL,0.0000,
566356508,"SMK Glide Unicolour Matt Black Full Face Helmet MA200",2XL,0.0000,
566356508,"SMK Glide Unicolour Matt Black Full Face Helmet MA200",3XL,0.0000,
57886016,"SMK Titan Unicolour Helmet Gloss Black GL200",S,0.0000,
57886016,"SMK Titan Unicolour Helmet Gloss Black GL200",M,0.0000,
57886016,"SMK Titan Unicolour Helmet Gloss Black GL200",L,0.0000,
57886016,"SMK Titan Unicolour Helmet Gloss Black GL200",XL,0.0000,
57898903,"SMK Typhoon Grunge Full Face Helmet Gloss White Blue Red GL153",S,0.0000,
57898903,"SMK Typhoon Grunge Full Face Helmet Gloss White Blue Red GL153",M,0.0000,
57898903,"SMK Typhoon Grunge Full Face Helmet Gloss White Blue Red GL153",L,0.0000,
57898903,"SMK Typhoon Grunge Full Face Helmet Gloss White Blue Red GL153",XL,0.0000,
57953111,"SMK Stellar Full Face Helmet Squad White Blue Red MA153",S,0.0000,
57953111,"SMK Stellar Full Face Helmet Squad White Blue Red MA153",M,0.0000,
57953111,"SMK Stellar Full Face Helmet Squad White Blue Red MA153",L,0.0000,
57953111,"SMK Stellar Full Face Helmet Squad White Blue Red MA153",XL,0.0000,
57953111,"SMK Stellar Full Face Helmet Squad White Blue Red MA153",2XL,0.0000,
57956935,"SMK Stellar Werewolf GL213 Black Blue Red Full Face Helmet",S,0.0000,
57956935,"SMK Stellar Werewolf GL213 Black Blue Red Full Face Helmet",M,0.0000,
57956935,"SMK Stellar Werewolf GL213 Black Blue Red Full Face Helmet",L,0.0000,
57956935,"SMK Stellar Werewolf GL213 Black Blue Red Full Face Helmet",XL,0.0000,
58363177,"SMK Twister Splash Full Face Helmet MA261",M,0.0000,
58363177,"SMK Twister Splash Full Face Helmet MA261",L,0.0000,
58363177,"SMK Twister Splash Full Face Helmet MA261",XL,0.0000,
584050902,"SMK Glide Black White Sign Full Face Helmet MA216",S,0.0000,
584050902,"SMK Glide Black White Sign Full Face Helmet MA216",M,0.0000,
584050902,"SMK Glide Black White Sign Full Face Helmet MA216",L,0.0000,
584050902,"SMK Glide Black White Sign Full Face Helmet MA216",XL,0.0000,
584050902,"SMK Glide Black White Sign Full Face Helmet MA216",2XL,0.0000,
59473941,"SMK Stellar Werewolf MA213 Black Blue Red Full Face Helmet",S,0.0000,
59473941,"SMK Stellar Werewolf MA213 Black Blue Red Full Face Helmet",M,0.0000,
59473941,"SMK Stellar Werewolf MA213 Black Blue Red Full Face Helmet",L,0.0000,
59473941,"SMK Stellar Werewolf MA213 Black Blue Red Full Face Helmet",XL,0.0000,
59560230,"SMK Stellar Wings Gloss White Blue Red GL153",S,0.0000,
59560230,"SMK Stellar Wings Gloss White Blue Red GL153",M,0.0000,
59560230,"SMK Stellar Wings Gloss White Blue Red GL153",L,0.0000,
59560230,"SMK Stellar Wings Gloss White Blue Red GL153",XL,0.0000,
60243636,"SMK Typhoon Full Face Helmet Motorhead Gloss Neon Yellow Orange Black GL476",S,0.0000,
60243636,"SMK Typhoon Full Face Helmet Motorhead Gloss Neon Yellow Orange Black GL476",M,0.0000,
60243636,"SMK Typhoon Full Face Helmet Motorhead Gloss Neon Yellow Orange Black GL476",L,0.0000,
60243636,"SMK Typhoon Full Face Helmet Motorhead Gloss Neon Yellow Orange Black GL476",XL,0.0000,
60264817,"SMK Twister Wraith Matt Black Grey Blue Helmet MA265",S,0.0000,
60264817,"SMK Twister Wraith Matt Black Grey Blue Helmet MA265",M,0.0000,
60264817,"SMK Twister Wraith Matt Black Grey Blue Helmet MA265",L,0.0000,
60264817,"SMK Twister Wraith Matt Black Grey Blue Helmet MA265",XL,0.0000,
60572214,"SMK Stellar Trek Black Red GL275 Helmet",S,0.0000,
60572214,"SMK Stellar Trek Black Red GL275 Helmet",M,0.0000,
60572214,"SMK Stellar Trek Black Red GL275 Helmet",L,0.0000,
60572214,"SMK Stellar Trek Black Red GL275 Helmet",XL,0.0000,
60572214,"SMK Stellar Trek Black Red GL275 Helmet",2XL,0.0000,
60771320,"SMK Stellar Samurai MA276  Black Orange Full Face Helmet",S,0.0000,
60771320,"SMK Stellar Samurai MA276  Black Orange Full Face Helmet",M,0.0000,
60771320,"SMK Stellar Samurai MA276  Black Orange Full Face Helmet",L,0.0000,
60771320,"SMK Stellar Samurai MA276  Black Orange Full Face Helmet",XL,0.0000,
61552048,"SMK Open Face Helmet Phoenix GL1CA",,0.0000,
61576863,"Axor Apex Ride Fast Gloss Black Blue Full Face Helmet",S,0.0000,
61576863,"Axor Apex Ride Fast Gloss Black Blue Full Face Helmet",M,0.0000,
61576863,"Axor Apex Ride Fast Gloss Black Blue Full Face Helmet",L,0.0000,
61576863,"Axor Apex Ride Fast Gloss Black Blue Full Face Helmet",XL,0.0000,
61585455,"SMK Gullwing Flip Up Helmet Kresto Gloss Blue GL551",S,0.0000,
61585455,"SMK Gullwing Flip Up Helmet Kresto Gloss Blue GL551",M,0.0000,
61585455,"SMK Gullwing Flip Up Helmet Kresto Gloss Blue GL551",L,0.0000,
61585455,"SMK Gullwing Flip Up Helmet Kresto Gloss Blue GL551",XL,0.0000,
616532979,"SMK Stellar Swank Matt White MA124",S,0.0000,
616532979,"SMK Stellar Swank Matt White MA124",M,0.0000,
616532979,"SMK Stellar Swank Matt White MA124",L,0.0000,
616532979,"SMK Stellar Swank Matt White MA124",XL,0.0000,
617216899,"SMK Twister Attack Yellow Red Full Face Helmet MA243",S,0.0000,
617216899,"SMK Twister Attack Yellow Red Full Face Helmet MA243",M,0.0000,
617216899,"SMK Twister Attack Yellow Red Full Face Helmet MA243",L,0.0000,
617216899,"SMK Twister Attack Yellow Red Full Face Helmet MA243",XL,0.0000,
61945126,"Helmet Part SMK Twister Chin Curtain",,0.0000,
61982428,"SMK Titan Full Face Helmet Matt Blue Hi Viz Green Arok MA558",S,0.0000,
61982428,"SMK Titan Full Face Helmet Matt Blue Hi Viz Green Arok MA558",M,0.0000,
61982428,"SMK Titan Full Face Helmet Matt Blue Hi Viz Green Arok MA558",L,0.0000,
61982428,"SMK Titan Full Face Helmet Matt Blue Hi Viz Green Arok MA558",XL,0.0000,
62013502,"SMK Stellar Full Face Helmet Graffiti Black Red Orange GL237",S,0.0000,
62013502,"SMK Stellar Full Face Helmet Graffiti Black Red Orange GL237",M,0.0000,
62013502,"SMK Stellar Full Face Helmet Graffiti Black Red Orange GL237",L,0.0000,
62013502,"SMK Stellar Full Face Helmet Graffiti Black Red Orange GL237",XL,0.0000,
62418923,"Helmet Part SMK Typhoon Smoke Visor",,0.0000,
62593657,"SMK Stellar Samurai MA253  Matt Black Grey Red Blue Full Face Helmet",S,0.0000,
62593657,"SMK Stellar Samurai MA253  Matt Black Grey Red Blue Full Face Helmet",M,0.0000,
62593657,"SMK Stellar Samurai MA253  Matt Black Grey Red Blue Full Face Helmet",L,0.0000,
62593657,"SMK Stellar Samurai MA253  Matt Black Grey Red Blue Full Face Helmet",XL,0.0000,
630613549,"SMK Twister Captain White Red Full Face Helmet GL163",S,0.0000,
630613549,"SMK Twister Captain White Red Full Face Helmet GL163",M,0.0000,
630613549,"SMK Twister Captain White Red Full Face Helmet GL163",L,0.0000,
630613549,"SMK Twister Captain White Red Full Face Helmet GL163",XL,0.0000,
63635144,"Helmet Part SMK Force Spare Liner",S,1.0000,
63635144,"Helmet Part SMK Force Spare Liner",M,2.0000,
63635144,"Helmet Part SMK Force Spare Liner",L,2.0000,
63635144,"Helmet Part SMK Force Spare Liner",XL,3.0000,
63635144,"Helmet Part SMK Force Spare Liner",2XL,0.0000,
636906541,"SMK Derby Grid Open Face Helmet MA266",,0.0000,
64470387,"SMK Stellar Full Face Helmet Meteorite Gloss Black Grey GL266",S,0.0000,
64470387,"SMK Stellar Full Face Helmet Meteorite Gloss Black Grey GL266",L,0.0000,
65328942,"SMK Stellar Stage Matt Blue White MA551 Full Face Helmet",S,0.0000,
65328942,"SMK Stellar Stage Matt Blue White MA551 Full Face Helmet",M,0.0000,
65328942,"SMK Stellar Stage Matt Blue White MA551 Full Face Helmet",L,0.0000,
65328942,"SMK Stellar Stage Matt Blue White MA551 Full Face Helmet",XL,0.0000,
65770787,"Axor Street Batman Gloss Black Red Full Face Helmet",S,0.0000,
65770787,"Axor Street Batman Gloss Black Red Full Face Helmet",M,0.0000,
65770787,"Axor Street Batman Gloss Black Red Full Face Helmet",L,0.0000,
65770787,"Axor Street Batman Gloss Black Red Full Face Helmet",XL,0.0000,
65819071,"Axor Street Full Face Helmet Batman Dull/Matt Anthracite Black",S,0.0000,
65819071,"Axor Street Full Face Helmet Batman Dull/Matt Anthracite Black",M,1.0000,
65819071,"Axor Street Full Face Helmet Batman Dull/Matt Anthracite Black",L,-1.0000,
65819071,"Axor Street Full Face Helmet Batman Dull/Matt Anthracite Black",XL,0.0000,
66050616,"SMK Stellar K Power GL253 Gloss Black Blue Red Helmet",S,0.0000,
66050616,"SMK Stellar K Power GL253 Gloss Black Blue Red Helmet",M,1.0000,
66050616,"SMK Stellar K Power GL253 Gloss Black Blue Red Helmet",L,0.0000,
66050616,"SMK Stellar K Power GL253 Gloss Black Blue Red Helmet",XL,0.0000,
66050616,"SMK Stellar K Power GL253 Gloss Black Blue Red Helmet",2XL,0.0000,
67126572,"Helmet Part Axor Apex Visor Mechanism Kit",,1.0000,
674991763,"SMK Twister Attack Orange Full Face Helmet MA276",S,0.0000,
674991763,"SMK Twister Attack Orange Full Face Helmet MA276",M,0.0000,
674991763,"SMK Twister Attack Orange Full Face Helmet MA276",L,0.0000,
674991763,"SMK Twister Attack Orange Full Face Helmet MA276",XL,0.0000,
67514684,"SMK Stellar Stage Gloss Black Orange White GL217 Full Face Helmet",S,0.0000,
67514684,"SMK Stellar Stage Gloss Black Orange White GL217 Full Face Helmet",M,0.0000,
67514684,"SMK Stellar Stage Gloss Black Orange White GL217 Full Face Helmet",L,0.0000,
67514684,"SMK Stellar Stage Gloss Black Orange White GL217 Full Face Helmet",XL,0.0000,
676274622,"SMK Twister Logo Orange Full Face Helmet MA271",S,0.0000,
676274622,"SMK Twister Logo Orange Full Face Helmet MA271",M,0.0000,
676274622,"SMK Twister Logo Orange Full Face Helmet MA271",L,0.0000,
676274622,"SMK Twister Logo Orange Full Face Helmet MA271",XL,0.0000,
68101364,"SMK Gullwing Tekker Gloss Black Neon Helmet GL264",S,0.0000,
68101364,"SMK Gullwing Tekker Gloss Black Neon Helmet GL264",M,0.0000,
68101364,"SMK Gullwing Tekker Gloss Black Neon Helmet GL264",L,0.0000,
68101364,"SMK Gullwing Tekker Gloss Black Neon Helmet GL264",XL,0.0000,
68101364,"SMK Gullwing Tekker Gloss Black Neon Helmet GL264",2XL,1.0000,
68101364,"SMK Gullwing Tekker Gloss Black Neon Helmet GL264",3XL,0.0000,
681053089,"SMK Twister Zest Gloss Blue Green Full Face Helmet GL258",S,0.0000,
681053089,"SMK Twister Zest Gloss Blue Green Full Face Helmet GL258",M,0.0000,
681053089,"SMK Twister Zest Gloss Blue Green Full Face Helmet GL258",L,0.0000,
681053089,"SMK Twister Zest Gloss Blue Green Full Face Helmet GL258",XL,0.0000,
68316229,"Helmet Part SMK Stellar Spare Liner",S,1.0000,
68316229,"Helmet Part SMK Stellar Spare Liner",M,0.0000,
68316229,"Helmet Part SMK Stellar Spare Liner",L,0.0000,
68316229,"Helmet Part SMK Stellar Spare Liner",XL,2.0000,
68316229,"Helmet Part SMK Stellar Spare Liner",2XL,0.0000,
68316229,"Helmet Part SMK Stellar Spare Liner",XS,-1.0000,
68647605,"SMK Glide White Black Full Face Helmet GL126",S,0.0000,
68647605,"SMK Glide White Black Full Face Helmet GL126",M,0.0000,
68647605,"SMK Glide White Black Full Face Helmet GL126",L,0.0000,
68647605,"SMK Glide White Black Full Face Helmet GL126",XL,0.0000,
68647605,"SMK Glide White Black Full Face Helmet GL126",2XL,0.0000,
69388113,"SMK Stellar Swank Matt Anthracite Orange Mirror Visor MADA672",S,0.0000,
69388113,"SMK Stellar Swank Matt Anthracite Orange Mirror Visor MADA672",M,0.0000,
69388113,"SMK Stellar Swank Matt Anthracite Orange Mirror Visor MADA672",L,0.0000,
69388113,"SMK Stellar Swank Matt Anthracite Orange Mirror Visor MADA672",XL,0.0000,
70417621,"Axor Apex Vivid Gloss Black Neon Yellow Full Face Helmet",S,0.0000,
70417621,"Axor Apex Vivid Gloss Black Neon Yellow Full Face Helmet",M,0.0000,
70417621,"Axor Apex Vivid Gloss Black Neon Yellow Full Face Helmet",L,0.0000,
70417621,"Axor Apex Vivid Gloss Black Neon Yellow Full Face Helmet",XL,0.0000,
70776042,"SMK Stellar Swank Gloss Anthracite Orange GLDA672",S,0.0000,
70776042,"SMK Stellar Swank Gloss Anthracite Orange GLDA672",M,0.0000,
70776042,"SMK Stellar Swank Gloss Anthracite Orange GLDA672",L,0.0000,
70776042,"SMK Stellar Swank Gloss Anthracite Orange GLDA672",XL,0.0000,
70787317,"Axor Apex Hex 2 Gloss Blue Red Full Face Helmet",S,0.0000,
70787317,"Axor Apex Hex 2 Gloss Blue Red Full Face Helmet",M,0.0000,
70787317,"Axor Apex Hex 2 Gloss Blue Red Full Face Helmet",L,0.0000,
70787317,"Axor Apex Hex 2 Gloss Blue Red Full Face Helmet",XL,0.0000,
710499361,"SMK Twister Unicolour Black Full Face Helmet GL200",S,0.0000,
710499361,"SMK Twister Unicolour Black Full Face Helmet GL200",M,0.0000,
710499361,"SMK Twister Unicolour Black Full Face Helmet GL200",L,0.0000,
71641076,"Helmet Part SMK A-2 Bluetooth Device",,0.0000,
71802586,"Helmet Part Axor Rage Visor",Clear,1.0000,
71802586,"Helmet Part Axor Rage Visor",Mirror,0.0000,
71802586,"Helmet Part Axor Rage Visor",Rainbow,0.0000,
71802586,"Helmet Part Axor Rage Visor",Smoke,0.0000,
72777388,"Helmet Part SMK Stellar Visor Smoke",,1.0000,
72821961,"Axor Slipstream Boots Black Neon Green",UK5,0.0000,
72821961,"Axor Slipstream Boots Black Neon Green",UK6,0.0000,
72821961,"Axor Slipstream Boots Black Neon Green",UK7,0.0000,
72821961,"Axor Slipstream Boots Black Neon Green",UK8,0.0000,
72821961,"Axor Slipstream Boots Black Neon Green",UK9,0.0000,
72821961,"Axor Slipstream Boots Black Neon Green",UK10,0.0000,
72821961,"Axor Slipstream Boots Black Neon Green",UK11,0.0000,
72821961,"Axor Slipstream Boots Black Neon Green",UK12,0.0000,
74289904,"SMK Typhoon Full Face Helmet Matt Black White Red Raptor MA213",S,0.0000,
74289904,"SMK Typhoon Full Face Helmet Matt Black White Red Raptor MA213",M,0.0000,
74289904,"SMK Typhoon Full Face Helmet Matt Black White Red Raptor MA213",L,0.0000,
74289904,"SMK Typhoon Full Face Helmet Matt Black White Red Raptor MA213",XL,0.0000,
74289904,"SMK Typhoon Full Face Helmet Matt Black White Red Raptor MA213",2XL,0.0000,
744523519,"SMK Twister Attack Grey Full Face Helmet MA266",S,0.0000,
744523519,"SMK Twister Attack Grey Full Face Helmet MA266",M,0.0000,
744523519,"SMK Twister Attack Grey Full Face Helmet MA266",L,0.0000,
744523519,"SMK Twister Attack Grey Full Face Helmet MA266",XL,0.0000,
74687536,"Axor Slipstream Boots Black Red",UK7,0.0000,
74687536,"Axor Slipstream Boots Black Red",UK8,0.0000,
74687536,"Axor Slipstream Boots Black Red",UK9,0.0000,
74687536,"Axor Slipstream Boots Black Red",UK10,1.0000,
74687536,"Axor Slipstream Boots Black Red",UK11,0.0000,
74796856,"SMK Typhoon Reptile Gloss Black Orange Gold Helmet GL277",S,0.0000,
74796856,"SMK Typhoon Reptile Gloss Black Orange Gold Helmet GL277",M,0.0000,
74796856,"SMK Typhoon Reptile Gloss Black Orange Gold Helmet GL277",L,0.0000,
74796856,"SMK Typhoon Reptile Gloss Black Orange Gold Helmet GL277",XL,0.0000,
74802155,"SMK Twister Wraith Matt Black Green/Neon Yellow Full Face Helmet MA264",L,0.0000,
74802155,"SMK Twister Wraith Matt Black Green/Neon Yellow Full Face Helmet MA264",XL,0.0000,
74802155,"SMK Twister Wraith Matt Black Green/Neon Yellow Full Face Helmet MA264",M,0.0000,
76033738,"Axor Flow Riding Jacket Red",S,0.0000,
76033738,"Axor Flow Riding Jacket Red",M,0.0000,
76033738,"Axor Flow Riding Jacket Red",L,0.0000,
76033738,"Axor Flow Riding Jacket Red",XL,0.0000,
76033738,"Axor Flow Riding Jacket Red",2XL,0.0000,
76062431,"SMK Twister Logo Green Full Face Helmet MA281",S,0.0000,
76062431,"SMK Twister Logo Green Full Face Helmet MA281",M,0.0000,
76062431,"SMK Twister Logo Green Full Face Helmet MA281",L,0.0000,
76062431,"SMK Twister Logo Green Full Face Helmet MA281",XL,0.0000,
76620228,"Axor Shield Armour Black Green",S,0.0000,
76620228,"Axor Shield Armour Black Green",M,0.0000,
76620228,"Axor Shield Armour Black Green",L,0.0000,
76620228,"Axor Shield Armour Black Green",XL,0.0000,
76620228,"Axor Shield Armour Black Green",2XL,0.0000,
76974133,"Helmet Part SMK Titan Clear Visor",,0.0000,
77335493,"SMK Typhoon Motorhead Matt Black Orange Grey MA676",S,0.0000,
77335493,"SMK Typhoon Motorhead Matt Black Orange Grey MA676",M,0.0000,
77335493,"SMK Typhoon Motorhead Matt Black Orange Grey MA676",L,0.0000,
77335493,"SMK Typhoon Motorhead Matt Black Orange Grey MA676",XL,0.0000,
77335493,"SMK Typhoon Motorhead Matt Black Orange Grey MA676",2XL,0.0000,
79146545,"SMK Stellar Samurai MA263 Black Red Fulll Face Helmet",S,0.0000,
79146545,"SMK Stellar Samurai MA263 Black Red Fulll Face Helmet",M,0.0000,
79146545,"SMK Stellar Samurai MA263 Black Red Fulll Face Helmet",L,0.0000,
79146545,"SMK Stellar Samurai MA263 Black Red Fulll Face Helmet",XL,0.0000,
79211835,"SMK Stellar Full Face Helmet Gloss Black Red Yellow Squad GL234",S,0.0000,
79211835,"SMK Stellar Full Face Helmet Gloss Black Red Yellow Squad GL234",M,1.0000,
79211835,"SMK Stellar Full Face Helmet Gloss Black Red Yellow Squad GL234",L,0.0000,
79211835,"SMK Stellar Full Face Helmet Gloss Black Red Yellow Squad GL234",XL,0.0000,
79230367,"Axor Apex Solid Matt Black Full Face Helmet",S,0.0000,
79230367,"Axor Apex Solid Matt Black Full Face Helmet",M,0.0000,
79230367,"Axor Apex Solid Matt Black Full Face Helmet",L,0.0000,
79230367,"Axor Apex Solid Matt Black Full Face Helmet",XL,0.0000,
793866710,"SMK Twister Unicolour Matt Black Full Face Helmet MA200",S,0.0000,
793866710,"SMK Twister Unicolour Matt Black Full Face Helmet MA200",M,0.0000,
793866710,"SMK Twister Unicolour Matt Black Full Face Helmet MA200",L,0.0000,
793866710,"SMK Twister Unicolour Matt Black Full Face Helmet MA200",XL,0.0000,
794930931,"SMK Twister Captain Black Yellow Full Face Helmet GL264",S,0.0000,
794930931,"SMK Twister Captain Black Yellow Full Face Helmet GL264",L,0.0000,
794930931,"SMK Twister Captain Black Yellow Full Face Helmet GL264",XL,0.0000,
797012682,"SMK Twister Cartoon Green Yellow Full Face Helmet GL241",S,0.0000,
797012682,"SMK Twister Cartoon Green Yellow Full Face Helmet GL241",M,1.0000,
797012682,"SMK Twister Cartoon Green Yellow Full Face Helmet GL241",L,1.0000,
797012682,"SMK Twister Cartoon Green Yellow Full Face Helmet GL241",XL,0.0000,
79848267,"Axor Apex Chrometech Gloss Black Red Helmet",S,0.0000,
79848267,"Axor Apex Chrometech Gloss Black Red Helmet",M,1.0000,
79848267,"Axor Apex Chrometech Gloss Black Red Helmet",L,0.0000,
79848267,"Axor Apex Chrometech Gloss Black Red Helmet",XL,1.0000,
80145940,"Axor Street Gloss Black Full Face Helmet",S,0.0000,
80145940,"Axor Street Gloss Black Full Face Helmet",M,0.0000,
80145940,"Axor Street Gloss Black Full Face Helmet",L,0.0000,
80145940,"Axor Street Gloss Black Full Face Helmet",XL,0.0000,
81491807,"SMK Typhoon Helmet RD1 Gloss Black Yellow Grey GL246",M,0.0000,
81491807,"SMK Typhoon Helmet RD1 Gloss Black Yellow Grey GL246",L,0.0000,
81491807,"SMK Typhoon Helmet RD1 Gloss Black Yellow Grey GL246",XL,0.0000,
822100124,"SMK Stellar Swank Fluoroscent Yellow MA423",S,0.0000,
822100124,"SMK Stellar Swank Fluoroscent Yellow MA423",M,0.0000,
822100124,"SMK Stellar Swank Fluoroscent Yellow MA423",L,0.0000,
822100124,"SMK Stellar Swank Fluoroscent Yellow MA423",XL.,0.0000,
82367370,"SMK Stellar Full Face Helmet Graffiti Yellow Red Orange GL437",S,0.0000,
82367370,"SMK Stellar Full Face Helmet Graffiti Yellow Red Orange GL437",M,0.0000,
82367370,"SMK Stellar Full Face Helmet Graffiti Yellow Red Orange GL437",L,0.0000,
82367370,"SMK Stellar Full Face Helmet Graffiti Yellow Red Orange GL437",XL,0.0000,
82367370,"SMK Stellar Full Face Helmet Graffiti Yellow Red Orange GL437",2XL,0.0000,
82497871,"SMK Stellar Rainstar White Blue Red Full Face Helmet GL153",,0.0000,
831560037,"SMK Twister Logo White Red Full Face Helmet GL132",S,0.0000,
831560037,"SMK Twister Logo White Red Full Face Helmet GL132",M,0.0000,
831560037,"SMK Twister Logo White Red Full Face Helmet GL132",L,0.0000,
831560037,"SMK Twister Logo White Red Full Face Helmet GL132",XL,0.0000,
83363388,"SMK Stellar Trek Gloss Black Grey Yellow GL264",S,0.0000,
83363388,"SMK Stellar Trek Gloss Black Grey Yellow GL264",M,0.0000,
83363388,"SMK Stellar Trek Gloss Black Grey Yellow GL264",L,0.0000,
83363388,"SMK Stellar Trek Gloss Black Grey Yellow GL264",XL,0.0000,
83363388,"SMK Stellar Trek Gloss Black Grey Yellow GL264",2XL,0.0000,
83538379,"SMK Stellar Full Face Helmet Bolt Matt Black Red White MA231",S,0.0000,
83538379,"SMK Stellar Full Face Helmet Bolt Matt Black Red White MA231",M,0.0000,
83538379,"SMK Stellar Full Face Helmet Bolt Matt Black Red White MA231",L,0.0000,
83538379,"SMK Stellar Full Face Helmet Bolt Matt Black Red White MA231",XL,0.0000,
83724815,"SMK Stellar Unicolour White GL100 Full Face Helmet",S,0.0000,
83724815,"SMK Stellar Unicolour White GL100 Full Face Helmet",M,0.0000,
83724815,"SMK Stellar Unicolour White GL100 Full Face Helmet",L,0.0000,
83724815,"SMK Stellar Unicolour White GL100 Full Face Helmet",XL,0.0000,
83896145,"SMK Titan Full Face Helmet Arok Gloss White Red GL131",S,0.0000,
83896145,"SMK Titan Full Face Helmet Arok Gloss White Red GL131",M,0.0000,
83896145,"SMK Titan Full Face Helmet Arok Gloss White Red GL131",L,0.0000,
83896145,"SMK Titan Full Face Helmet Arok Gloss White Red GL131",XL,0.0000,
83896145,"SMK Titan Full Face Helmet Arok Gloss White Red GL131",2XL,0.0000,
84393940,"SMK Stellar Swank Gloss White GL124",L,0.0000,
84393940,"SMK Stellar Swank Gloss White GL124",XL,0.0000,
85183915,"Axor Apex Vivid Matt Black Neon Yellow Full Face Helmet",S,0.0000,
85183915,"Axor Apex Vivid Matt Black Neon Yellow Full Face Helmet",M,0.0000,
85183915,"Axor Apex Vivid Matt Black Neon Yellow Full Face Helmet",L,0.0000,
85183915,"Axor Apex Vivid Matt Black Neon Yellow Full Face Helmet",XL,0.0000,
85614270,"SMK Typhoon Grunge Full Face Helmet Gloss Black Grey Yellow GL426",S,0.0000,
85614270,"SMK Typhoon Grunge Full Face Helmet Gloss Black Grey Yellow GL426",M,1.0000,
85614270,"SMK Typhoon Grunge Full Face Helmet Gloss Black Grey Yellow GL426",L,0.0000,
85614270,"SMK Typhoon Grunge Full Face Helmet Gloss Black Grey Yellow GL426",XL,0.0000,
87168315,"SMK Typhoon Helmet RD1 Gloss Black Red Blue GL235",S,0.0000,
87168315,"SMK Typhoon Helmet RD1 Gloss Black Red Blue GL235",M,0.0000,
87168315,"SMK Typhoon Helmet RD1 Gloss Black Red Blue GL235",L,0.0000,
87168315,"SMK Typhoon Helmet RD1 Gloss Black Red Blue GL235",XL,0.0000,
87675291,"SMK Typhoon Full Face Helmet Gloss Black Red Raptor GL233",S,0.0000,
87675291,"SMK Typhoon Full Face Helmet Gloss Black Red Raptor GL233",M,0.0000,
87675291,"SMK Typhoon Full Face Helmet Gloss Black Red Raptor GL233",L,0.0000,
87675291,"SMK Typhoon Full Face Helmet Gloss Black Red Raptor GL233",XL,0.0000,
87675291,"SMK Typhoon Full Face Helmet Gloss Black Red Raptor GL233",2XL,0.0000,
87718407,"Helmet Part SMK Stellar Visor Clear",,5.0000,
87996307,"Axor Knee Guard Brace Black Red",M,0.0000,
87996307,"Axor Knee Guard Brace Black Red",L,0.0000,
880528204,"SMK Twister Cartoon Orange Full Face Helmet Glossy Finish GL271",S,0.0000,
880528204,"SMK Twister Cartoon Orange Full Face Helmet Glossy Finish GL271",M,0.0000,
880528204,"SMK Twister Cartoon Orange Full Face Helmet Glossy Finish GL271",L,0.0000,
88228215,"Axor Rage Full Face Helmet RTR Gloss Black Red",S,0.0000,
88228215,"Axor Rage Full Face Helmet RTR Gloss Black Red",M,0.0000,
88228215,"Axor Rage Full Face Helmet RTR Gloss Black Red",L,0.0000,
88228215,"Axor Rage Full Face Helmet RTR Gloss Black Red",XL,0.0000,
88473737,"Axor Apex Tiki Dull/Matt Black Red Helmet",S,0.0000,
88473737,"Axor Apex Tiki Dull/Matt Black Red Helmet",M,0.0000,
88473737,"Axor Apex Tiki Dull/Matt Black Red Helmet",L,0.0000,
88473737,"Axor Apex Tiki Dull/Matt Black Red Helmet",XL,0.0000,
89465550,"Helmet Part Axor Apex Spoiler",,0.0000,
89554430,"SMK Twister Twilight Black White Red GL231 Full Face Helmet",S,0.0000,
89554430,"SMK Twister Twilight Black White Red GL231 Full Face Helmet",M,0.0000,
89554430,"SMK Twister Twilight Black White Red GL231 Full Face Helmet",L,0.0000,
89554430,"SMK Twister Twilight Black White Red GL231 Full Face Helmet",XL,0.0000,
90025211,"SMK Stellar Samurai Black Green Full Face Helmet MA268",S,0.0000,
90025211,"SMK Stellar Samurai Black Green Full Face Helmet MA268",L,0.0000,
90292862,"SMK Stellar Full Face Helmet Graffiti Green Red Orange GL837",S,0.0000,
90292862,"SMK Stellar Full Face Helmet Graffiti Green Red Orange GL837",M,0.0000,
90292862,"SMK Stellar Full Face Helmet Graffiti Green Red Orange GL837",L,0.0000,
90292862,"SMK Stellar Full Face Helmet Graffiti Green Red Orange GL837",XL,0.0000,
906033618,"SMK Twister Zest Gloss White Blue Red Full Face Helmet GL135",S,0.0000,
906033618,"SMK Twister Zest Gloss White Blue Red Full Face Helmet GL135",M,0.0000,
906033618,"SMK Twister Zest Gloss White Blue Red Full Face Helmet GL135",L,0.0000,
906033618,"SMK Twister Zest Gloss White Blue Red Full Face Helmet GL135",XL,0.0000,
90731714,"SMK Typhoon Helmet Gloss Blue Yellow Red GL543",S,0.0000,
90731714,"SMK Typhoon Helmet Gloss Blue Yellow Red GL543",M,0.0000,
90731714,"SMK Typhoon Helmet Gloss Blue Yellow Red GL543",L,0.0000,
90731714,"SMK Typhoon Helmet Gloss Blue Yellow Red GL543",XL,0.0000,
91139337,"Axor Street Bobby  Gloss Black Blue Helmet",S,0.0000,
91139337,"Axor Street Bobby  Gloss Black Blue Helmet",M,0.0000,
91139337,"Axor Street Bobby  Gloss Black Blue Helmet",L,0.0000,
91139337,"Axor Street Bobby  Gloss Black Blue Helmet",XL,0.0000,
91139337,"Axor Street Bobby  Gloss Black Blue Helmet",2XL,0.0000,
916033874,"SMK Sirius Art Open Face Helmet GL149",,0.0000,
924750933,"SMK Twister Blade Matt Black Grey Full Face Helmet MA266",S,0.0000,
924750933,"SMK Twister Blade Matt Black Grey Full Face Helmet MA266",M,0.0000,
92596344,"Axor Apex Venomous Gloss Black Neon Blue Full Face Helmet",S,0.0000,
92596344,"Axor Apex Venomous Gloss Black Neon Blue Full Face Helmet",M,1.0000,
92596344,"Axor Apex Venomous Gloss Black Neon Blue Full Face Helmet",L,0.0000,
92596344,"Axor Apex Venomous Gloss Black Neon Blue Full Face Helmet",XL,0.0000,
93047298,"SMK Typhoon Reptile Gloss Black Blue Full Face Helmet GL255",S,0.0000,
93047298,"SMK Typhoon Reptile Gloss Black Blue Full Face Helmet GL255",M,0.0000,
93047298,"SMK Typhoon Reptile Gloss Black Blue Full Face Helmet GL255",L,0.0000,
93047298,"SMK Typhoon Reptile Gloss Black Blue Full Face Helmet GL255",XL,0.0000,
932924416,"SMK Twister Skull Black White Full Face Helmet MA210",S,0.0000,
932924416,"SMK Twister Skull Black White Full Face Helmet MA210",M,0.0000,
932924416,"SMK Twister Skull Black White Full Face Helmet MA210",L,0.0000,
93399416,"Axor Apex Turbine Gloss Black Red Full Face Helmet",S,0.0000,
93399416,"Axor Apex Turbine Gloss Black Red Full Face Helmet",M,0.0000,
93399416,"Axor Apex Turbine Gloss Black Red Full Face Helmet",L,0.0000,
93399416,"Axor Apex Turbine Gloss Black Red Full Face Helmet",XL,0.0000,
93456798,"Axor Apex Marvel Venom Gloss Black Red Helmet",S,0.0000,
93456798,"Axor Apex Marvel Venom Gloss Black Red Helmet",M,1.0000,
93456798,"Axor Apex Marvel Venom Gloss Black Red Helmet",L,0.0000,
93456798,"Axor Apex Marvel Venom Gloss Black Red Helmet",XL,0.0000,
94622196,"Axor Street Okami Black Blue Full Face Helmet",S,0.0000,
94622196,"Axor Street Okami Black Blue Full Face Helmet",M,0.0000,
94622196,"Axor Street Okami Black Blue Full Face Helmet",L,1.0000,
94622196,"Axor Street Okami Black Blue Full Face Helmet",XL,0.0000,
95027387,"SMK Stellar Sports K Power Gloss Black Grey GL267",S,0.0000,
95027387,"SMK Stellar Sports K Power Gloss Black Grey GL267",M,1.0000,
95027387,"SMK Stellar Sports K Power Gloss Black Grey GL267",L,1.0000,
95027387,"SMK Stellar Sports K Power Gloss Black Grey GL267",XL,0.0000,
95027387,"SMK Stellar Sports K Power Gloss Black Grey GL267",2XL,0.0000,
96023782,"Helmet Part Axor Apex Padding Set",S,0.0000,
96023782,"Helmet Part Axor Apex Padding Set",M,1.0000,
96023782,"Helmet Part Axor Apex Padding Set",L,1.0000,
96023782,"Helmet Part Axor Apex Padding Set",XL,0.0000,
96487916,"Axor Apex Turbine Gloss Black Orange Full Face Helmet",S,0.0000,
96487916,"Axor Apex Turbine Gloss Black Orange Full Face Helmet",M,0.0000,
96487916,"Axor Apex Turbine Gloss Black Orange Full Face Helmet",L,0.0000,
96487916,"Axor Apex Turbine Gloss Black Orange Full Face Helmet",XL,0.0000,
96703712,"SMK Stellar Stage Gloss Black Grey GL262 Full Face Helmet",S,0.0000,
96703712,"SMK Stellar Stage Gloss Black Grey GL262 Full Face Helmet",M,0.0000,
96703712,"SMK Stellar Stage Gloss Black Grey GL262 Full Face Helmet",L,0.0000,
96703712,"SMK Stellar Stage Gloss Black Grey GL262 Full Face Helmet",XL,0.0000,
97292702,"Axor Apex Solid Gloss Black Full Face Helmet",S,0.0000,
97292702,"Axor Apex Solid Gloss Black Full Face Helmet",M,1.0000,
97292702,"Axor Apex Solid Gloss Black Full Face Helmet",L,0.0000,
97292702,"Axor Apex Solid Gloss Black Full Face Helmet",XL,0.0000,
97292702,"Axor Apex Solid Gloss Black Full Face Helmet",2XL,1.0000,
976859921,"SMK Stellar Dynamo Matt Black Red MA236",S,0.0000,
976859921,"SMK Stellar Dynamo Matt Black Red MA236",M,0.0000,
976859921,"SMK Stellar Dynamo Matt Black Red MA236",L,0.0000,
97718479,"Axor Apex Hunter Matt Black Red Full Face Helmet",S,0.0000,
97718479,"Axor Apex Hunter Matt Black Red Full Face Helmet",M,0.0000,
97718479,"Axor Apex Hunter Matt Black Red Full Face Helmet",L,0.0000,
97718479,"Axor Apex Hunter Matt Black Red Full Face Helmet",XL,0.0000,
97718479,"Axor Apex Hunter Matt Black Red Full Face Helmet",2XL,0.0000,
977896681,"SMK Stellar Dynamo Matt White Blue GL153",S,0.0000,
977896681,"SMK Stellar Dynamo Matt White Blue GL153",M,0.0000,
98261351,"Axor Apex Venomous Gloss Black Neon Green Full Face Helmet",S,0.0000,
98261351,"Axor Apex Venomous Gloss Black Neon Green Full Face Helmet",M,0.0000,
98261351,"Axor Apex Venomous Gloss Black Neon Green Full Face Helmet",L,0.0000,
98261351,"Axor Apex Venomous Gloss Black Neon Green Full Face Helmet",XL,1.0000,
98261351,"Axor Apex Venomous Gloss Black Neon Green Full Face Helmet",2XL,0.0000,
98674090,"Axor Apex Venomous Gloss Black Grey Full Face Helmet",S,0.0000,
98674090,"Axor Apex Venomous Gloss Black Grey Full Face Helmet",M,1.0000,
98674090,"Axor Apex Venomous Gloss Black Grey Full Face Helmet",L,0.0000,
98674090,"Axor Apex Venomous Gloss Black Grey Full Face Helmet",XL,0.0000,
98674090,"Axor Apex Venomous Gloss Black Grey Full Face Helmet",2XL,0.0000,
99299802,"SMK Typhoon RD1 Full Face Helmet Gloss Black Grey Yellow GL264",S,0.0000,
99299802,"SMK Typhoon RD1 Full Face Helmet Gloss Black Grey Yellow GL264",M,0.0000,
99299802,"SMK Typhoon RD1 Full Face Helmet Gloss Black Grey Yellow GL264",L,0.0000,
99299802,"SMK Typhoon RD1 Full Face Helmet Gloss Black Grey Yellow GL264",XL,0.0000,
99451732,"SMK Titan Full Face Helmet Arok Gloss White Grey Orange GL167",S,0.0000,
99451732,"SMK Titan Full Face Helmet Arok Gloss White Grey Orange GL167",M,0.0000,
99451732,"SMK Titan Full Face Helmet Arok Gloss White Grey Orange GL167",L,0.0000,
99451732,"SMK Titan Full Face Helmet Arok Gloss White Grey Orange GL167",XL,0.0000,
99451732,"SMK Titan Full Face Helmet Arok Gloss White Grey Orange GL167",2XL,0.0000,
99850074,"SMK Gullwing Flipup Helmet Tekker Matt Black Grey Blue MA265",S,0.0000,
99850074,"SMK Gullwing Flipup Helmet Tekker Matt Black Grey Blue MA265",M,0.0000,
99850074,"SMK Gullwing Flipup Helmet Tekker Matt Black Grey Blue MA265",L,0.0000,
99850074,"SMK Gullwing Flipup Helmet Tekker Matt Black Grey Blue MA265",XL,0.0000,
99850074,"SMK Gullwing Flipup Helmet Tekker Matt Black Grey Blue MA265",2XL,0.0000,
AxrApxHex2GlRd,"Axor Apex Hex 2 Gloss Cool Grey Red Helmet",S,0.0000,
AxrApxHex2GlRd,"Axor Apex Hex 2 Gloss Cool Grey Red Helmet",M,0.0000,
AxrApxHex2GlRd,"Axor Apex Hex 2 Gloss Cool Grey Red Helmet",L,1.0000,
AxrApxHex2GlRd,"Axor Apex Hex 2 Gloss Cool Grey Red Helmet",XL,0.0000,
