"Product Code","Product Name",Variant,Expected,Counted
01647914,"Helmet Part SMK Twister/Glide Visor Smoke Pinlock 30 Ready",,4.0000,
01875805,"Helmet Part SMK Glide Spare Liner",S,0.0000,
01875805,"Helmet Part SMK Glide Spare Liner",M,0.0000,
01875805,"Helmet Part SMK Glide Spare Liner",L,0.0000,
01875805,"Helmet Part SMK Glide Spare Liner",XL,0.0000,
03224443,"SMK Twister Wraith White/Blue/Red Full Face Helmet GL153",S,0.0000,
03224443,"SMK Twister Wraith White/Blue/Red Full Face Helmet GL153",M,0.0000,
03224443,"SMK Twister Wraith White/Blue/Red Full Face Helmet GL153",L,1.0000,
03224443,"SMK Twister Wraith White/Blue/Red Full Face Helmet GL153",XL,0.0000,
04723129,"Helmet Part SMK Twister Spare Liner",S,0.0000,
04723129,"Helmet Part SMK Twister Spare Liner",M,7.0000,
04723129,"Helmet Part SMK Twister Spare Liner",L,1.0000,
04723129,"Helmet Part SMK Twister Spare Liner",XL,3.0000,
04723129,"Helmet Part SMK Twister Spare Liner",2XL,0.0000,
06857632,"SMK Stellar Full Face Helmet Meteorite Gloss Black Grey Green GL286",S,0.0000,
06857632,"SMK Stellar Full Face Helmet Meteorite Gloss Black Grey Green GL286",L,2.0000,
08018097,"SMK Stellar Full Face Helmet Meteorite Gloss Black Grey Red GL236",S,0.0000,
105996756,"SMK Force White Full Face Helmet GL100",,0.0000,
106540303,"SMK Stellar Rainstar Black Yellow MA264",S,0.0000,
106540303,"SMK Stellar Rainstar Black Yellow MA264",M,0.0000,
106540303,"SMK Stellar Rainstar Black Yellow MA264",L,1.0000,
106540303,"SMK Stellar Rainstar Black Yellow MA264",XL,0.0000,
12408333,"SMK Stellar Full Face Helmet Graffiti Blue Red Orange GL537",S,0.0000,
12408333,"SMK Stellar Full Face Helmet Graffiti Blue Red Orange GL537",M,-1.0000,
12408333,"SMK Stellar Full Face Helmet Graffiti Blue Red Orange GL537",L,1.0000,
12408333,"SMK Stellar Full Face Helmet Graffiti Blue Red Orange GL537",XL,0.0000,
126224994,"SMK Twister Skull Black Yellow/Green Full Face Helmet MA240",S,0.0000,
126224994,"SMK Twister Skull Black Yellow/Green Full Face Helmet MA240",M,0.0000,
126224994,"SMK Twister Skull Black Yellow/Green Full Face Helmet MA240",L,1.0000,
128233413,"SMK Twister Zest Matt Blue Yellow Full Face Helmet MA254",,0.0000,
134547355,"SMK Force Eagle Matt Black Grey Full Face Helmet MA261",S,0.0000,
134547355,"SMK Force Eagle Matt Black Grey Full Face Helmet MA261",M,1.0000,
135505670,"SMK Stellar Full Face Helmet Unicolour Matt Black MA200",S,0.0000,
135505670,"SMK Stellar Full Face Helmet Unicolour Matt Black MA200",M,1.0000,
135505670,"SMK Stellar Full Face Helmet Unicolour Matt Black MA200",L,2.0000,
135505670,"SMK Stellar Full Face Helmet Unicolour Matt Black MA200",XL,2.0000,
135505670,"SMK Stellar Full Face Helmet Unicolour Matt Black MA200",2XL,1.0000,
13922497,"Helmet Part SMK Stellar Visor Mirror",,1.0000,
14106638,"SMK Twister Cartoon Green Full Face Helmet MA241",L,0.0000,
14106638,"SMK Twister Cartoon Green Full Face Helmet MA241",S,0.0000,
14106638,"SMK Twister Cartoon Green Full Face Helmet MA241",M,0.0000,
14106638,"SMK Twister Cartoon Green Full Face Helmet MA241",XL,0.0000,
169609611,"SMK Twister Zest Matt Orange Full Face Helmet MA271",M,1.0000,
169609611,"SMK Twister Zest Matt Orange Full Face Helmet MA271",L,0.0000,
169609611,"SMK Twister Zest Matt Orange Full Face Helmet MA271",XL,0.0000,
171815151,"SMK Force Unicolour Matt Black Green Full Face Helmet MA240",,0.0000,
172469393,"SMK Stellar Dynamo Matt Black Blue MA254",S,0.0000,
172469393,"SMK Stellar Dynamo Matt Black Blue MA254",M,0.0000,
172469393,"SMK Stellar Dynamo Matt Black Blue MA254",L,0.0000,
172469393,"SMK Stellar Dynamo Matt Black Blue MA254",XL,1.0000,
18635978,"SMK Glide Kyren Grey Green Full Face Helmet MA268",S,0.0000,
18635978,"SMK Glide Kyren Grey Green Full Face Helmet MA268",M,1.0000,
18635978,"SMK Glide Kyren Grey Green Full Face Helmet MA268",L,0.0000,
18635978,"SMK Glide Kyren Grey Green Full Face Helmet MA268",XL,0.0000,
18635978,"SMK Glide Kyren Grey Green Full Face Helmet MA268",2XL,0.0000,
193300577,"SMK Glide Unicolour White Full Face Helmet GL100",M,0.0000,
193300577,"SMK Glide Unicolour White Full Face Helmet GL100",L,1.0000,
217592087,"SMK Force Black Full Face Helmet GL200",,0.0000,
226832956,"SMK Force Boost Blue Full Face Helmet GL215",S,0.0000,
226832956,"SMK Force Boost Blue Full Face Helmet GL215",M,0.0000,
226832956,"SMK Force Boost Blue Full Face Helmet GL215",L,0.0000,
24755880,"SMK Stellar Swank Matt Anthracite Orange MADA672",S,0.0000,
24755880,"SMK Stellar Swank Matt Anthracite Orange MADA672",M,1.0000,
24755880,"SMK Stellar Swank Matt Anthracite Orange MADA672",L,2.0000,
24755880,"SMK Stellar Swank Matt Anthracite Orange MADA672",XL,1.0000,
253663760,"SMK Force Anthracite Full Face Helmet GLDA600",S,0.0000,
253663760,"SMK Force Anthracite Full Face Helmet GLDA600",M,0.0000,
268616573,"SMK Twister Logo Yellow Full Face Helmet MA241",S,0.0000,
268616573,"SMK Twister Logo Yellow Full Face Helmet MA241",M,1.0000,
27934016,"SMK Twister Twilight Black White Yellow GL241 Full Face Helmet",L,1.0000,
27934016,"SMK Twister Twilight Black White Yellow GL241 Full Face Helmet",XL,0.0000,
27934016,"SMK Twister Twilight Black White Yellow GL241 Full Face Helmet",S,0.0000,
27934016,"SMK Twister Twilight Black White Yellow GL241 Full Face Helmet",M,0.0000,
283410045,"SMK Force Steel Unicolour White Full Face Helmet STGL100",,0.0000,
28959597,"Helmet Part SMK Twister/Glide Visor Mirror",,0.0000,
30291144,"SMK Force Boost Black White Full Face Helmet GL216",S,0.0000,
30291144,"SMK Force Boost Black White Full Face Helmet GL216",M,1.0000,
30291144,"SMK Force Boost Black White Full Face Helmet GL216",L,0.0000,
30291144,"SMK Force Boost Black White Full Face Helmet GL216",XL,1.0000,
310880028,"SMK Twister Skull Black Orange Full Face Helmet MA270",S,0.0000,
310880028,"SMK Twister Skull Black Orange Full Face Helmet MA270",L,0.0000,
334057598,"SMK Stellar Trek Black Grey Fluoroscent Yellow MA264",S,0.0000,
334057598,"SMK Stellar Trek Black Grey Fluoroscent Yellow MA264",M,0.0000,
334057598,"SMK Stellar Trek Black Grey Fluoroscent Yellow MA264",L,0.0000,
334057598,"SMK Stellar Trek Black Grey Fluoroscent Yellow MA264",XL,0.0000,
339637100,"SMK Stellar Rainstar Black Red MADA623",S,1.0000,
339637100,"SMK Stellar Rainstar Black Red MADA623",M,0.0000,
345448060,"SMK Stellar Unicolour Full Face Helmet Glossy Black GL200",S,0.0000,
345448060,"SMK Stellar Unicolour Full Face Helmet Glossy Black GL200",M,0.0000,
345448060,"SMK Stellar Unicolour Full Face Helmet Glossy Black GL200",L,1.0000,
345448060,"SMK Stellar Unicolour Full Face Helmet Glossy Black GL200",XL,0.0000,
345448060,"SMK Stellar Unicolour Full Face Helmet Glossy Black GL200",2XL,0.0000,
349914653,"SMK Force Steel Seventy White Red Full Face Helmet STGL123",,0.0000,
350369269,"SMK Twister Blade Matt Black Red Full Face Helmet MA236",,0.0000,
350398954,"SMK Glide Flash Vision Full Face Helmet HV420",S,0.0000,
350398954,"SMK Glide Flash Vision Full Face Helmet HV420",M,1.0000,
350398954,"SMK Glide Flash Vision Full Face Helmet HV420",XL,0.0000,
35396752,"SMK Hybrid Evo Matt Black Full Face Helmet",,0.0000,
35595087,"Helmet Part SMK Twister/Glide Visor Clear Pinlock 30",,4.0000,
359079146,"SMK Twister Blade Matt Black Blue Full Face Helmet MA256",,0.0000,
360751981,"SMK Force Mirror Visor",,0.0000,
376623948,"SMK Twister Captain Grey Full Face Helmet MA266",S,0.0000,
376623948,"SMK Twister Captain Grey Full Face Helmet MA266",M,1.0000,
376623948,"SMK Twister Captain Grey Full Face Helmet MA266",L,1.0000,
376623948,"SMK Twister Captain Grey Full Face Helmet MA266",XL,0.0000,
388088369,"SMK Force Eagle Matt Black Red Full Face Helmet MA235",S,0.0000,
388088369,"SMK Force Eagle Matt Black Red Full Face Helmet MA235",L,0.0000,
395449530,"SMK Twister Logo Black White Full Face Helmet MA261",S,0.0000,
395449530,"SMK Twister Logo Black White Full Face Helmet MA261",M,0.0000,
395449530,"SMK Twister Logo Black White Full Face Helmet MA261",L,1.0000,
395449530,"SMK Twister Logo Black White Full Face Helmet MA261",XL,0.0000,
401133181,"SMK Stellar Rainstar Black White Red MA213",S,0.0000,
401133181,"SMK Stellar Rainstar Black White Red MA213",M,2.0000,
401446287,"SMK Twister Unicolour Anthracite Full Face Helmet GLDA600",L,0.0000,
401446287,"SMK Twister Unicolour Anthracite Full Face Helmet GLDA600",XL,0.0000,
40352793,"Helmet Part SMK Force Visor Metal Fitment Screw",,0.0000,
424273259,"SMK Twister Attack Blue Full Face Helmet MA256",S,0.0000,
424273259,"SMK Twister Attack Blue Full Face Helmet MA256",M,0.0000,
424273259,"SMK Twister Attack Blue Full Face Helmet MA256",L,0.0000,
42604768,"SMK Stellar Full Face Helmet Bolt Black White Grey MA261",S,0.0000,
42604768,"SMK Stellar Full Face Helmet Bolt Black White Grey MA261",M,1.0000,
42604768,"SMK Stellar Full Face Helmet Bolt Black White Grey MA261",L,1.0000,
42604768,"SMK Stellar Full Face Helmet Bolt Black White Grey MA261",XL,0.0000,
42980347,"SMK Glide Kyren Full Face Helmet MA264",L,0.0000,
42980347,"SMK Glide Kyren Full Face Helmet MA264",2XL,1.0000,
42980347,"SMK Glide Kyren Full Face Helmet MA264",XL,1.0000,
42980347,"SMK Glide Kyren Full Face Helmet MA264",M,0.0000,
431548540,"SMK Stellar Dynamo Matt Black White MA216",S,0.0000,
431548540,"SMK Stellar Dynamo Matt Black White MA216",M,0.0000,
431548540,"SMK Stellar Dynamo Matt Black White MA216",L,1.0000,
43394951,"SMK Stellar Full Face Helmet Squad White Black Red MA132",S,0.0000,
43394951,"SMK Stellar Full Face Helmet Squad White Black Red MA132",M,1.0000,
43394951,"SMK Stellar Full Face Helmet Squad White Black Red MA132",L,1.0000,
43394951,"SMK Stellar Full Face Helmet Squad White Black Red MA132",XL,0.0000,
43481678,"SMK Twister Cartoon Orange Full Face Helmet MA271",S,0.0000,
43481678,"SMK Twister Cartoon Orange Full Face Helmet MA271",M,-1.0000,
43481678,"SMK Twister Cartoon Orange Full Face Helmet MA271",L,0.0000,
461363701,"SMK Twister Blade Matt Black Orange Full Face Helmet MA276",,0.0000,
485020449,"SMK Twister Logo Blue Full Face Helmet MA251",S,0.0000,
485020449,"SMK Twister Logo Blue Full Face Helmet MA251",M,1.0000,
485020449,"SMK Twister Logo Blue Full Face Helmet MA251",L,0.0000,
485020449,"SMK Twister Logo Blue Full Face Helmet MA251",XL,0.0000,
498351816,"SMK Twister Skull White Black Full Face Helmet GL120",,0.0000,
504892120,"SMK Stellar Trek Black Fluoroscent Yellow MA243",S,0.0000,
504892120,"SMK Stellar Trek Black Fluoroscent Yellow MA243",L,1.0000,
504892120,"SMK Stellar Trek Black Fluoroscent Yellow MA243",XS,0.0000,
51171981,"Helmet Part SMK Force Visor Clear",,3.0000,
52988562,"SMK Stellar Samurai Black Blue Full Face Helmet MA265",S,1.0000,
52988562,"SMK Stellar Samurai Black Blue Full Face Helmet MA265",M,0.0000,
52988562,"SMK Stellar Samurai Black Blue Full Face Helmet MA265",L,0.0000,
550517129,"SMK Stellar Trek Black Red MA275",S,0.0000,
550517129,"SMK Stellar Trek Black Red MA275",M,2.0000,
550517129,"SMK Stellar Trek Black Red MA275",L,0.0000,
550517129,"SMK Stellar Trek Black Red MA275",XL,1.0000,
556835600,"SMK Twister Unicolour White Full Face Helmet GL100",S,0.0000,
556835600,"SMK Twister Unicolour White Full Face Helmet GL100",M,0.0000,
556835600,"SMK Twister Unicolour White Full Face Helmet GL100",L,1.0000,
56386307,"SMK Stellar Full Face Helmet Squad Black Red Yellow MA234",S,0.0000,
56386307,"SMK Stellar Full Face Helmet Squad Black Red Yellow MA234",M,0.0000,
56386307,"SMK Stellar Full Face Helmet Squad Black Red Yellow MA234",L,1.0000,
56386307,"SMK Stellar Full Face Helmet Squad Black Red Yellow MA234",XL,1.0000,
566356508,"SMK Glide Unicolour Matt Black Full Face Helmet MA200",L,0.0000,
566356508,"SMK Glide Unicolour Matt Black Full Face Helmet MA200",M,0.0000,
566356508,"SMK Glide Unicolour Matt Black Full Face Helmet MA200",XL,0.0000,
566356508,"SMK Glide Unicolour Matt Black Full Face Helmet MA200",2XL,0.0000,
566356508,"SMK Glide Unicolour Matt Black Full Face Helmet MA200",3XL,1.0000,
57953111,"SMK Stellar Full Face Helmet Squad White Blue Red MA153",S,0.0000,
57953111,"SMK Stellar Full Face Helmet Squad White Blue Red MA153",M,0.0000,
57953111,"SMK Stellar Full Face Helmet Squad White Blue Red MA153",L,1.0000,
57953111,"SMK Stellar Full Face Helmet Squad White Blue Red MA153",XL,0.0000,
57953111,"SMK Stellar Full Face Helmet Squad White Blue Red MA153",2XL,0.0000,
58358780,"SMK Titan Full Face Helmet Arok Matt Blue Hi Viz Green",L,1.0000,
58363177,"SMK Twister Splash Full Face Helmet MA261",M,0.0000,
58363177,"SMK Twister Splash Full Face Helmet MA261",L,-1.0000,
58363177,"SMK Twister Splash Full Face Helmet MA261",XL,1.0000,
584050902,"SMK Glide Black White Sign Full Face Helmet MA216",S,0.0000,
584050902,"SMK Glide Black White Sign Full Face Helmet MA216",L,1.0000,
584050902,"SMK Glide Black White Sign Full Face Helmet MA216",2XL,0.0000,
60771320,"SMK Stellar Samurai MA276  Black Orange Full Face Helmet",S,0.0000,
60771320,"SMK Stellar Samurai MA276  Black Orange Full Face Helmet",M,0.0000,
60771320,"SMK Stellar Samurai MA276  Black Orange Full Face Helmet",L,0.0000,
60771320,"SMK Stellar Samurai MA276  Black Orange Full Face Helmet",XL,0.0000,
61552048,"SMK Open Face Helmet Phoenix GL1CA",,0.0000,
616532979,"SMK Stellar Swank Matt White MA124",S,0.0000,
616532979,"SMK Stellar Swank Matt White MA124",M,0.0000,
616532979,"SMK Stellar Swank Matt White MA124",L,0.0000,
616532979,"SMK Stellar Swank Matt White MA124",XL,0.0000,
617216899,"SMK Twister Attack Yellow Red Full Face Helmet MA243",S,0.0000,
617216899,"SMK Twister Attack Yellow Red Full Face Helmet MA243",M,0.0000,
617216899,"SMK Twister Attack Yellow Red Full Face Helmet MA243",L,1.0000,
617216899,"SMK Twister Attack Yellow Red Full Face Helmet MA243",XL,0.0000,
61945126,"Helmet Part SMK Twister Chin Curtain",,0.0000,
62013502,"SMK Stellar Full Face Helmet Graffiti Black Red Orange GL237",S,0.0000,
62013502,"SMK Stellar Full Face Helmet Graffiti Black Red Orange GL237",M,0.0000,
62013502,"SMK Stellar Full Face Helmet Graffiti Black Red Orange GL237",L,1.0000,
62013502,"SMK Stellar Full Face Helmet Graffiti Black Red Orange GL237",XL,0.0000,
62593657,"SMK Stellar Samurai MA253  Matt Black Grey Red Blue Full Face Helmet",S,0.0000,
62593657,"SMK Stellar Samurai MA253  Matt Black Grey Red Blue Full Face Helmet",M,0.0000,
62593657,"SMK Stellar Samurai MA253  Matt Black Grey Red Blue Full Face Helmet",L,0.0000,
62593657,"SMK Stellar Samurai MA253  Matt Black Grey Red Blue Full Face Helmet",XL,0.0000,
630613549,"SMK Twister Captain White Red Full Face Helmet GL163",S,0.0000,
630613549,"SMK Twister Captain White Red Full Face Helmet GL163",M,0.0000,
630613549,"SMK Twister Captain White Red Full Face Helmet GL163",L,1.0000,
630613549,"SMK Twister Captain White Red Full Face Helmet GL163",XL,0.0000,
63635144,"Helmet Part SMK Force Spare Liner",S,1.0000,
63635144,"Helmet Part SMK Force Spare Liner",M,2.0000,
63635144,"Helmet Part SMK Force Spare Liner",L,4.0000,
63635144,"Helmet Part SMK Force Spare Liner",XL,2.0000,
63635144,"Helmet Part SMK Force Spare Liner",2XL,0.0000,
636906541,"SMK Derby Grid Open Face Helmet MA266",,1.0000,
64470387,"SMK Stellar Full Face Helmet Meteorite Gloss Black Grey GL266",S,0.0000,
64470387,"SMK Stellar Full Face Helmet Meteorite Gloss Black Grey GL266",L,1.0000,
674991763,"SMK Twister Attack Orange Full Face Helmet MA276",S,0.0000,
674991763,"SMK Twister Attack Orange Full Face Helmet MA276",M,0.0000,
674991763,"SMK Twister Attack Orange Full Face Helmet MA276",L,0.0000,
674991763,"SMK Twister Attack Orange Full Face Helmet MA276",XL,0.0000,
676274622,"SMK Twister Logo Orange Full Face Helmet MA271",S,0.0000,
676274622,"SMK Twister Logo Orange Full Face Helmet MA271",M,0.0000,
676274622,"SMK Twister Logo Orange Full Face Helmet MA271",L,0.0000,
676274622,"SMK Twister Logo Orange Full Face Helmet MA271",XL,0.0000,
681053089,"SMK Twister Zest Matt Blue Green Full Face Helmet MA258",S,0.0000,
681053089,"SMK Twister Zest Matt Blue Green Full Face Helmet MA258",M,0.0000,
681053089,"SMK Twister Zest Matt Blue Green Full Face Helmet MA258",L,0.0000,
681053089,"SMK Twister Zest Matt Blue Green Full Face Helmet MA258",XL,0.0000,
68316229,"Helmet Part SMK Stellar Spare Liner",S,1.0000,
68316229,"Helmet Part SMK Stellar Spare Liner",M,0.0000,
68316229,"Helmet Part SMK Stellar Spare Liner",L,2.0000,
68316229,"Helmet Part SMK Stellar Spare Liner",XL,3.0000,
68316229,"Helmet Part SMK Stellar Spare Liner",2XL,0.0000,
68316229,"Helmet Part SMK Stellar Spare Liner",XS,-1.0000,
68647605,"SMK Glide White Black Full Face Helmet GL126",S,0.0000,
68647605,"SMK Glide White Black Full Face Helmet GL126",M,0.0000,
68647605,"SMK Glide White Black Full Face Helmet GL126",L,0.0000,
68647605,"SMK Glide White Black Full Face Helmet GL126",XL,0.0000,
68647605,"SMK Glide White Black Full Face Helmet GL126",2XL,0.0000,
710499361,"SMK Twister Unicolour Black Full Face Helmet GL200",S,0.0000,
710499361,"SMK Twister Unicolour Black Full Face Helmet GL200",M,1.0000,
710499361,"SMK Twister Unicolour Black Full Face Helmet GL200",L,0.0000,
71641076,"Helmet Part SMK A-2 Bluetooth Device",,1.0000,
72777388,"Helmet Part SMK Stellar Visor Smoke",,0.0000,
744523519,"SMK Twister Attack Grey Full Face Helmet MA266",S,0.0000,
744523519,"SMK Twister Attack Grey Full Face Helmet MA266",M,0.0000,
744523519,"SMK Twister Attack Grey Full Face Helmet MA266",L,0.0000,
744523519,"SMK Twister Attack Grey Full Face Helmet MA266",XL,0.0000,
74802155,"SMK Twister Wraith Matt Black Green/Neon Yellow Full Face Helmet MA264",L,0.0000,
74802155,"SMK Twister Wraith Matt Black Green/Neon Yellow Full Face Helmet MA264",XL,0.0000,
74802155,"SMK Twister Wraith Matt Black Green/Neon Yellow Full Face Helmet MA264",M,1.0000,
76062431,"SMK Twister Logo Green Full Face Helmet MA281",S,0.0000,
76062431,"SMK Twister Logo Green Full Face Helmet MA281",M,0.0000,
76062431,"SMK Twister Logo Green Full Face Helmet MA281",L,1.0000,
76062431,"SMK Twister Logo Green Full Face Helmet MA281",XL,0.0000,
79146545,"SMK Stellar Samurai MA263 Black Red Fulll Face Helmet",S,0.0000,
79146545,"SMK Stellar Samurai MA263 Black Red Fulll Face Helmet",M,0.0000,
79146545,"SMK Stellar Samurai MA263 Black Red Fulll Face Helmet",L,0.0000,
79146545,"SMK Stellar Samurai MA263 Black Red Fulll Face Helmet",XL,0.0000,
793866710,"SMK Twister Unicolour Matt Black Full Face Helmet MA200",S,0.0000,
793866710,"SMK Twister Unicolour Matt Black Full Face Helmet MA200",M,0.0000,
793866710,"SMK Twister Unicolour Matt Black Full Face Helmet MA200",L,0.0000,
793866710,"SMK Twister Unicolour Matt Black Full Face Helmet MA200",XL,0.0000,
794930931,"SMK Twister Captain Black Yellow Full Face Helmet GL264",S,0.0000,
794930931,"SMK Twister Captain Black Yellow Full Face Helmet GL264",L,0.0000,
794930931,"SMK Twister Captain Black Yellow Full Face Helmet GL264",XL,1.0000,
797012682,"SMK Twister Cartoon Green Yellow Full Face Helmet GL241",S,0.0000,
797012682,"SMK Twister Cartoon Green Yellow Full Face Helmet GL241",M,1.0000,
797012682,"SMK Twister Cartoon Green Yellow Full Face Helmet GL241",L,0.0000,
797012682,"SMK Twister Cartoon Green Yellow Full Face Helmet GL241",XL,0.0000,
822100124,"SMK Stellar Swank Fluoroscent Yellow MA423",S,0.0000,
822100124,"SMK Stellar Swank Fluoroscent Yellow MA423",M,0.0000,
822100124,"SMK Stellar Swank Fluoroscent Yellow MA423",L,0.0000,
822100124,"SMK Stellar Swank Fluoroscent Yellow MA423",XL.,1.0000,
82367370,"SMK Stellar Full Face Helmet Graffiti Yellow Red Orange GL437",S,0.0000,
82367370,"SMK Stellar Full Face Helmet Graffiti Yellow Red Orange GL437",M,0.0000,
82367370,"SMK Stellar Full Face Helmet Graffiti Yellow Red Orange GL437",L,1.0000,
82367370,"SMK Stellar Full Face Helmet Graffiti Yellow Red Orange GL437",XL,0.0000,
82497871,"SMK Stellar Rainstar White Blue Red Full Face Helmet GL153",,0.0000,
831560037,"SMK Twister Logo White Red Full Face Helmet GL132",S,0.0000,
831560037,"SMK Twister Logo White Red Full Face Helmet GL132",M,0.0000,
831560037,"SMK Twister Logo White Red Full Face Helmet GL132",L,-1.0000,
831560037,"SMK Twister Logo White Red Full Face Helmet GL132",XL,0.0000,
83538379,"SMK Stellar Full Face Helmet Bolt Matt Black Red White MA231",S,0.0000,
83538379,"SMK Stellar Full Face Helmet Bolt Matt Black Red White MA231",M,1.0000,
83538379,"SMK Stellar Full Face Helmet Bolt Matt Black Red White MA231",L,1.0000,
83538379,"SMK Stellar Full Face Helmet Bolt Matt Black Red White MA231",XL,0.0000,
83724815,"SMK Stellar Unicolour White GL100 Full Face Helmet",S,0.0000,
83724815,"SMK Stellar Unicolour White GL100 Full Face Helmet",M,0.0000,
83724815,"SMK Stellar Unicolour White GL100 Full Face Helmet",L,0.0000,
83724815,"SMK Stellar Unicolour White GL100 Full Face Helmet",XL,0.0000,
87718407,"Helmet Part SMK Stellar Visor Clear",,7.0000,
880528204,"SMK Twister Cartoon Orange Full Face Helmet Glossy Finish GL271",S,0.0000,
880528204,"SMK Twister Cartoon Orange Full Face Helmet Glossy Finish GL271",M,1.0000,
880528204,"SMK Twister Cartoon Orange Full Face Helmet Glossy Finish GL271",L,0.0000,
89554430,"SMK Twister Twilight Black White Red GL231 Full Face Helmet",S,0.0000,
89554430,"SMK Twister Twilight Black White Red GL231 Full Face Helmet",L,1.0000,
89554430,"SMK Twister Twilight Black White Red GL231 Full Face Helmet",XL,0.0000,
90025211,"SMK Stellar Samurai Black Green Full Face Helmet MA268",S,0.0000,
90025211,"SMK Stellar Samurai Black Green Full Face Helmet MA268",L,0.0000,
90292862,"SMK Stellar Full Face Helmet Graffiti Green Red Orange GL837",S,0.0000,
90292862,"SMK Stellar Full Face Helmet Graffiti Green Red Orange GL837",M,1.0000,
90292862,"SMK Stellar Full Face Helmet Graffiti Green Red Orange GL837",L,0.0000,
90292862,"SMK Stellar Full Face Helmet Graffiti Green Red Orange GL837",XL,0.0000,
906033618,"SMK Twister Zest Matt White Blue Red Full Face Helmet GL135",S,0.0000,
906033618,"SMK Twister Zest Matt White Blue Red Full Face Helmet GL135",M,0.0000,
906033618,"SMK Twister Zest Matt White Blue Red Full Face Helmet GL135",L,0.0000,
906033618,"SMK Twister Zest Matt White Blue Red Full Face Helmet GL135",XL,1.0000,
916033874,"SMK Sirius Art Open Face Helmet GL149",,1.0000,
924750933,"SMK Twister Blade Matt Black Grey Full Face Helmet MA266",S,0.0000,
924750933,"SMK Twister Blade Matt Black Grey Full Face Helmet MA266",M,1.0000,
924986455,"SMK Force Boost Red Full Face Helmet GL213",S,0.0000,
924986455,"SMK Force Boost Red Full Face Helmet GL213",L,0.0000,
932924416,"SMK Twister Skull Black White Full Face Helmet MA210",S,0.0000,
932924416,"SMK Twister Skull Black White Full Face Helmet MA210",M,0.0000,
932924416,"SMK Twister Skull Black White Full Face Helmet MA210",L,0.0000,
976859921,"SMK Stellar Dynamo Matt Black Red MA236",S,1.0000,
976859921,"SMK Stellar Dynamo Matt Black Red MA236",M,0.0000,
976859921,"SMK Stellar Dynamo Matt Black Red MA236",L,1.0000,
977896681,"SMK Stellar Dynamo Matt White Blue GL153",S,0.0000,
977896681,"SMK Stellar Dynamo Matt White Blue GL153",M,0.0000,
