"Product Code","Product Name",Variant,Expected,Counted
03222284,"Rynox Gloves Inferno Pro",Small,0.0000,
03222284,"Rynox Gloves Inferno Pro",Medium,0.0000,
03222284,"Rynox Gloves Inferno Pro",Large,0.0000,
03222284,"Rynox Gloves Inferno Pro",XL,0.0000,
03222284,"Rynox Gloves Inferno Pro",2XL,0.0000,
05939110,"Rynox Urban Gloves Brown",S,0.0000,
05939110,"Rynox Urban Gloves Brown",M,1.0000,
05939110,"Rynox Urban Gloves Brown",L,2.0000,
05939110,"Rynox Urban Gloves Brown",XL,0.0000,
05939110,"Rynox Urban Gloves Brown",2XL,0.0000,
08375428,"Rynox Gloves Scout Black",S,0.0000,
08375428,"Rynox Gloves Scout Black",M,0.0000,
08375428,"Rynox Gloves Scout Black",L,0.0000,
08375428,"Rynox Gloves Scout Black",XL,0.0000,
08375428,"Rynox Gloves Scout Black",2XL,0.0000,
08753679,"Rynox Urban X Gloves",S,0.0000,
08753679,"Rynox Urban X Gloves",M,1.0000,
08753679,"Rynox Urban X Gloves",L,1.0000,
08753679,"Rynox Urban X Gloves",XL,1.0000,
08753679,"Rynox Urban X Gloves",2XL,1.0000,
08998025,"Rynox Riding Pants Stealth Evo Black",Small,-1.0000,
08998025,"Rynox Riding Pants Stealth Evo Black",Large,1.0000,
08998025,"Rynox Riding Pants Stealth Evo Black",XL,1.0000,
08998025,"Rynox Riding Pants Stealth Evo Black",3XL,0.0000,
09407751,"Rynox Riding Jacket Air GT V3.0 Black White",S,1.0000,
09407751,"Rynox Riding Jacket Air GT V3.0 Black White",M,1.0000,
09407751,"Rynox Riding Jacket Air GT V3.0 Black White",L,0.0000,
09407751,"Rynox Riding Jacket Air GT V3.0 Black White",XL,0.0000,
09407751,"Rynox Riding Jacket Air GT V3.0 Black White",2XL,1.0000,
09407751,"Rynox Riding Jacket Air GT V3.0 Black White",3XL,0.0000,
09407751,"Rynox Riding Jacket Air GT V3.0 Black White",4XL,1.0000,
09407751,"Rynox Riding Jacket Air GT V3.0 Black White",5XL,1.0000,
09755943,"Rynox Urban Gloves Black",S,1.0000,
09755943,"Rynox Urban Gloves Black",M,1.0000,
09755943,"Rynox Urban Gloves Black",L,1.0000,
09755943,"Rynox Urban Gloves Black",XL,0.0000,
09755943,"Rynox Urban Gloves Black",2XL,0.0000,
09797832,"Rynox Riding Jacket Tornado Pro Level 2 Black Grey",,0.0000,
09904267,"Rynox Ceros Chest Protector",,0.0000,
11601193,"Rynox Gripper Reflective Bungee Strap Black",,42.0000,
15696556,"Rynox Riding Jacket Stealth Evo V3 Grey",Small,0.0000,
15696556,"Rynox Riding Jacket Stealth Evo V3 Grey",Medium,1.0000,
15696556,"Rynox Riding Jacket Stealth Evo V3 Grey",Large,0.0000,
15696556,"Rynox Riding Jacket Stealth Evo V3 Grey",XL,0.0000,
15696556,"Rynox Riding Jacket Stealth Evo V3 Grey",2XL,1.0000,
15696556,"Rynox Riding Jacket Stealth Evo V3 Grey",3XL,1.0000,
16891806,"Rynox Powertechtor Knee/Elbow Hex Protector L2",,0.0000,
18907254,"Rynox Expedition Saddle Bag",,4.0000,
22611376,"Rynox Gloves Scout Brown",S,0.0000,
22611376,"Rynox Gloves Scout Brown",M,1.0000,
22611376,"Rynox Gloves Scout Brown",L,0.0000,
22611376,"Rynox Gloves Scout Brown",XL,0.0000,
22611376,"Rynox Gloves Scout Brown",2XL,1.0000,
24899275,"Rynox Tornado Pro Riding Jacket Version 3 Blue",S,0.0000,
24899275,"Rynox Tornado Pro Riding Jacket Version 3 Blue",M,0.0000,
24899275,"Rynox Tornado Pro Riding Jacket Version 3 Blue",L,0.0000,
24899275,"Rynox Tornado Pro Riding Jacket Version 3 Blue",XL,0.0000,
24899275,"Rynox Tornado Pro Riding Jacket Version 3 Blue",2XL,0.0000,
25933956,"Rynox Urban X Grey Riding Jacket",S,0.0000,
25933956,"Rynox Urban X Grey Riding Jacket",M,0.0000,
25933956,"Rynox Urban X Grey Riding Jacket",L,0.0000,
25933956,"Rynox Urban X Grey Riding Jacket",XL,1.0000,
25933956,"Rynox Urban X Grey Riding Jacket",2XL,0.0000,
25933956,"Rynox Urban X Grey Riding Jacket",3XL,0.0000,
26442339,"Rynox Riding Jacket Helium Red",L,0.0000,
26442339,"Rynox Riding Jacket Helium Red",XL,1.0000,
26442339,"Rynox Riding Jacket Helium Red",2XL,0.0000,
26442339,"Rynox Riding Jacket Helium Red",M,0.0000,
28608401,"Rynox Air GT Gloves Grey Hi-Viz Green",S,0.0000,
28608401,"Rynox Air GT Gloves Grey Hi-Viz Green",M,1.0000,
28608401,"Rynox Air GT Gloves Grey Hi-Viz Green",L,0.0000,
28608401,"Rynox Air GT Gloves Grey Hi-Viz Green",XL,1.0000,
28608401,"Rynox Air GT Gloves Grey Hi-Viz Green",2XL,1.0000,
31207428,"Rynox Riding Jacket Air GT V3.0  Grey Hi-Viz Green",S,0.0000,
31207428,"Rynox Riding Jacket Air GT V3.0  Grey Hi-Viz Green",M,1.0000,
31207428,"Rynox Riding Jacket Air GT V3.0  Grey Hi-Viz Green",L,0.0000,
31207428,"Rynox Riding Jacket Air GT V3.0  Grey Hi-Viz Green",XL,1.0000,
31207428,"Rynox Riding Jacket Air GT V3.0  Grey Hi-Viz Green",2XL,1.0000,
31246737,"Rynox Air GT Gloves Black",S,0.0000,
31246737,"Rynox Air GT Gloves Black",M,1.0000,
31246737,"Rynox Air GT Gloves Black",L,2.0000,
31246737,"Rynox Air GT Gloves Black",XL,2.0000,
31246737,"Rynox Air GT Gloves Black",2XL,1.0000,
32596360,"Rynox Riding Pants Storm Evo OffWhite",Small,0.0000,
32596360,"Rynox Riding Pants Storm Evo OffWhite",Medium,0.0000,
32596360,"Rynox Riding Pants Storm Evo OffWhite",Large,1.0000,
32596360,"Rynox Riding Pants Storm Evo OffWhite",XL,0.0000,
32596360,"Rynox Riding Pants Storm Evo OffWhite",2XL,0.0000,
41196834,"Rynox Riding Jacket Air GT v2.0 Level 2 Black White",Small,0.0000,
41196834,"Rynox Riding Jacket Air GT v2.0 Level 2 Black White",Medium,0.0000,
41196834,"Rynox Riding Jacket Air GT v2.0 Level 2 Black White",Large,0.0000,
41196834,"Rynox Riding Jacket Air GT v2.0 Level 2 Black White",XL,0.0000,
41196834,"Rynox Riding Jacket Air GT v2.0 Level 2 Black White",2XL,0.0000,
41196834,"Rynox Riding Jacket Air GT v2.0 Level 2 Black White",3XL,0.0000,
41196834,"Rynox Riding Jacket Air GT v2.0 Level 2 Black White",5XL,0.0000,
48252351,"Rynox Riding Jacket Tornado Pro Level 2 Black Green",Small,0.0000,
48252351,"Rynox Riding Jacket Tornado Pro Level 2 Black Green",Medium,0.0000,
48252351,"Rynox Riding Jacket Tornado Pro Level 2 Black Green",Large,0.0000,
48252351,"Rynox Riding Jacket Tornado Pro Level 2 Black Green",XL,0.0000,
48252351,"Rynox Riding Jacket Tornado Pro Level 2 Black Green",2XL,0.0000,
48252351,"Rynox Riding Jacket Tornado Pro Level 2 Black Green",3XL,0.0000,
539595665,"Rynox Riding Jacket Tornado ProLevel 2 Black Fluro",,0.0000,
55018993,"Rynox Powertechtor Shoulder Hex Protector L2",,0.0000,
55464409,"Rynox Riding Jacket Air GT V3.0 Dark Grey Red",S,0.0000,
55464409,"Rynox Riding Jacket Air GT V3.0 Dark Grey Red",M,0.0000,
55464409,"Rynox Riding Jacket Air GT V3.0 Dark Grey Red",L,1.0000,
55464409,"Rynox Riding Jacket Air GT V3.0 Dark Grey Red",XL,1.0000,
55464409,"Rynox Riding Jacket Air GT V3.0 Dark Grey Red",2XL,0.0000,
57277755,"Rynox Urban Gloves Copper",S,1.0000,
57277755,"Rynox Urban Gloves Copper",M,1.0000,
57277755,"Rynox Urban Gloves Copper",L,1.0000,
57277755,"Rynox Urban Gloves Copper",XL,0.0000,
57277755,"Rynox Urban Gloves Copper",2XL,0.0000,
59111140,"Rynox Riding Jacket Storm L2 Beige",XL,0.0000,
60016585,"Rynox Bastion Bionic Knee Guard",Black,4.0000,
60016585,"Rynox Bastion Bionic Knee Guard",Blue,2.0000,
60016585,"Rynox Bastion Bionic Knee Guard","Hi Viz Fluoro",1.0000,
60132807,"Rynox Riding Jacket Air GT v2.0 Level 2 Black Orange",Small,0.0000,
60132807,"Rynox Riding Jacket Air GT v2.0 Level 2 Black Orange",Medium,0.0000,
60132807,"Rynox Riding Jacket Air GT v2.0 Level 2 Black Orange",Large,0.0000,
60132807,"Rynox Riding Jacket Air GT v2.0 Level 2 Black Orange",XL,0.0000,
60132807,"Rynox Riding Jacket Air GT v2.0 Level 2 Black Orange",2XL,0.0000,
60132807,"Rynox Riding Jacket Air GT v2.0 Level 2 Black Orange",3XL,0.0000,
60321988,"Rynox Expedition Trail Bag V2",,5.0000,
61300008,"Rynox Riding Pants Airtex",Small,0.0000,
61300008,"Rynox Riding Pants Airtex",Medium,0.0000,
61300008,"Rynox Riding Pants Airtex",Large,1.0000,
61300008,"Rynox Riding Pants Airtex",XL,1.0000,
61300008,"Rynox Riding Pants Airtex",2XL,0.0000,
61300008,"Rynox Riding Pants Airtex",3XL,0.0000,
63277339,"Rynox Riding Jacket Stealth Evo V3 Black",Small,1.0000,
63277339,"Rynox Riding Jacket Stealth Evo V3 Black",Medium,4.0000,
63277339,"Rynox Riding Jacket Stealth Evo V3 Black",Large,2.0000,
63277339,"Rynox Riding Jacket Stealth Evo V3 Black",XL,1.0000,
63277339,"Rynox Riding Jacket Stealth Evo V3 Black",2XL,0.0000,
63277339,"Rynox Riding Jacket Stealth Evo V3 Black",3XL,0.0000,
63631268,"Rynox Tornado Pro Riding Jacket Version 3 Red",S,0.0000,
63631268,"Rynox Tornado Pro Riding Jacket Version 3 Red",M,0.0000,
63631268,"Rynox Tornado Pro Riding Jacket Version 3 Red",L,0.0000,
63631268,"Rynox Tornado Pro Riding Jacket Version 3 Red",XL,0.0000,
63631268,"Rynox Tornado Pro Riding Jacket Version 3 Red",2XL,0.0000,
663604661,"Rynox Riding Jacket Urban Brown Size L",,0.0000,
66927585,"Rynox Urban X Camo Blue Riding Jacket",S,0.0000,
66927585,"Rynox Urban X Camo Blue Riding Jacket",M,0.0000,
66927585,"Rynox Urban X Camo Blue Riding Jacket",L,2.0000,
66927585,"Rynox Urban X Camo Blue Riding Jacket",XL,2.0000,
66927585,"Rynox Urban X Camo Blue Riding Jacket",2XL,0.0000,
68167431,"Rynox Air GT Gloves Grey Red",S,1.0000,
68167431,"Rynox Air GT Gloves Grey Red",M,0.0000,
68167431,"Rynox Air GT Gloves Grey Red",L,3.0000,
68167431,"Rynox Air GT Gloves Grey Red",XL,1.0000,
68167431,"Rynox Air GT Gloves Grey Red",2XL,1.0000,
69979814,"Rynox Gloves Recon Black",Small,0.0000,
69979814,"Rynox Gloves Recon Black",Medium,0.0000,
69979814,"Rynox Gloves Recon Black",Large,1.0000,
69979814,"Rynox Gloves Recon Black",XL,0.0000,
69979814,"Rynox Gloves Recon Black",2XL,0.0000,
74604788,"Rynox Riding Pants Storm Evo Grey",Small,0.0000,
74604788,"Rynox Riding Pants Storm Evo Grey",Medium,1.0000,
74604788,"Rynox Riding Pants Storm Evo Grey",Large,0.0000,
74604788,"Rynox Riding Pants Storm Evo Grey",XL,0.0000,
74604788,"Rynox Riding Pants Storm Evo Grey",2XL,1.0000,
76004103,"Rynox Optimus M Tankbag V2",,3.0000,
76667709,"Rynox Tornado Pro Riding Jacket Version 3 Black",S,0.0000,
76667709,"Rynox Tornado Pro Riding Jacket Version 3 Black",M,0.0000,
76667709,"Rynox Tornado Pro Riding Jacket Version 3 Black",L,1.0000,
76667709,"Rynox Tornado Pro Riding Jacket Version 3 Black",XL,1.0000,
76667709,"Rynox Tornado Pro Riding Jacket Version 3 Black",2XL,0.0000,
76787283,"Rynox Riding Jacket Helium Grey",Small,0.0000,
76787283,"Rynox Riding Jacket Helium Grey",Medium,0.0000,
76787283,"Rynox Riding Jacket Helium Grey",Large,0.0000,
76787283,"Rynox Riding Jacket Helium Grey",XL,0.0000,
77183877,"Rynox Gripper Reflective Bungee Strap Red",,37.0000,
82584486,"Rynox Tornado Pro 3 Gloves Black Blue",S,0.0000,
82584486,"Rynox Tornado Pro 3 Gloves Black Blue",M,0.0000,
82584486,"Rynox Tornado Pro 3 Gloves Black Blue",L,1.0000,
82584486,"Rynox Tornado Pro 3 Gloves Black Blue",XL,1.0000,
82584486,"Rynox Tornado Pro 3 Gloves Black Blue",2XL,0.0000,
82618673,"Rynox Riding Jacket Tornado Pro Level 2 Black White",Small,0.0000,
82618673,"Rynox Riding Jacket Tornado Pro Level 2 Black White",Medium,0.0000,
82618673,"Rynox Riding Jacket Tornado Pro Level 2 Black White",Large,0.0000,
82618673,"Rynox Riding Jacket Tornado Pro Level 2 Black White",Xl,0.0000,
82618673,"Rynox Riding Jacket Tornado Pro Level 2 Black White",2XL,1.0000,
82618673,"Rynox Riding Jacket Tornado Pro Level 2 Black White",3XL,0.0000,
82618673,"Rynox Riding Jacket Tornado Pro Level 2 Black White",4XL,0.0000,
836405920,"Rynox Riding Jacket Urban Battle Green Size M",,1.0000,
837475052,"Rynox Riding Pants Advento",Medium,1.0000,
837475052,"Rynox Riding Pants Advento",Large,1.0000,
837475052,"Rynox Riding Pants Advento",XL,0.0000,
837475052,"Rynox Riding Pants Advento",2XL,0.0000,
837475052,"Rynox Riding Pants Advento",3XL,1.0000,
86798263,"Rynox Gloves Recon Green",Small,1.0000,
86798263,"Rynox Gloves Recon Green",Medium,0.0000,
86798263,"Rynox Gloves Recon Green",Large,-1.0000,
86798263,"Rynox Gloves Recon Green",XL,0.0000,
86798263,"Rynox Gloves Recon Green",2XL,2.0000,
87911850,"Rynox Tornado Pro Riding Jacket Version 3 Orange",S,0.0000,
87911850,"Rynox Tornado Pro Riding Jacket Version 3 Orange",M,0.0000,
87911850,"Rynox Tornado Pro Riding Jacket Version 3 Orange",L,1.0000,
87911850,"Rynox Tornado Pro Riding Jacket Version 3 Orange",XL,1.0000,
87911850,"Rynox Tornado Pro Riding Jacket Version 3 Orange",2XL,0.0000,
888999129,"Rynox Riding Jacket Tornado Pro Level 2 Black Red",,0.0000,
90241127,"Rynox Riding Jacket Helium Green",Small,1.0000,
90241127,"Rynox Riding Jacket Helium Green",Medium,1.0000,
90241127,"Rynox Riding Jacket Helium Green",Large,0.0000,
90241127,"Rynox Riding Jacket Helium Green",XL,0.0000,
90241127,"Rynox Riding Jacket Helium Green",2XL,1.0000,
90657236,"Rynox Riding Jacket Urban Brown Size XL",,0.0000,
92968809,"Rynox Riding Jacket Storm Level 2 Knight Grey",Small,0.0000,
92968809,"Rynox Riding Jacket Storm Level 2 Knight Grey",Medium,0.0000,
92968809,"Rynox Riding Jacket Storm Level 2 Knight Grey",XL,0.0000,
92968809,"Rynox Riding Jacket Storm Level 2 Knight Grey",2XL,0.0000,
92968809,"Rynox Riding Jacket Storm Level 2 Knight Grey",3XL,0.0000,
92968809,"Rynox Riding Jacket Storm Level 2 Knight Grey",Large,0.0000,
96292144,"Rynox Tornado Pro 3 Gloves Black Red",S,1.0000,
96292144,"Rynox Tornado Pro 3 Gloves Black Red",M,1.0000,
96292144,"Rynox Tornado Pro 3 Gloves Black Red",L,1.0000,
96292144,"Rynox Tornado Pro 3 Gloves Black Red",XL,1.0000,
96292144,"Rynox Tornado Pro 3 Gloves Black Red",2XL,0.0000,
97136880,"Rynox Riding Jacket Tornado Pro Level 2 Black Fluro Orange",Small,0.0000,
97136880,"Rynox Riding Jacket Tornado Pro Level 2 Black Fluro Orange",Medium,0.0000,
97136880,"Rynox Riding Jacket Tornado Pro Level 2 Black Fluro Orange",Large,1.0000,
97136880,"Rynox Riding Jacket Tornado Pro Level 2 Black Fluro Orange",XL,0.0000,
97136880,"Rynox Riding Jacket Tornado Pro Level 2 Black Fluro Orange",2XL,0.0000,
97136880,"Rynox Riding Jacket Tornado Pro Level 2 Black Fluro Orange",3XL,0.0000,
97846685,"Rynox Gloves Shield Pro with SPS",Small,0.0000,
97846685,"Rynox Gloves Shield Pro with SPS",Medium,0.0000,
97846685,"Rynox Gloves Shield Pro with SPS",Large,0.0000,
97846685,"Rynox Gloves Shield Pro with SPS",XL,0.0000,
97846685,"Rynox Gloves Shield Pro with SPS",2XL,0.0000,
99477347,"Rynox Tornado Pro 3 Gloves Black Hi-Viz Green",S,0.0000,
99477347,"Rynox Tornado Pro 3 Gloves Black Hi-Viz Green",M,0.0000,
99477347,"Rynox Tornado Pro 3 Gloves Black Hi-Viz Green",L,2.0000,
99477347,"Rynox Tornado Pro 3 Gloves Black Hi-Viz Green",XL,2.0000,
99477347,"Rynox Tornado Pro 3 Gloves Black Hi-Viz Green",2XL,0.0000,
