"Product Code","Product Name",Variant,Expected,Counted
04349666,"Rynox Tornado Pro Riding Jacket Version 4 Black Hi Viz Green",S,0.0000,
04349666,"Rynox Tornado Pro Riding Jacket Version 4 Black Hi Viz Green",M,1.0000,
04349666,"Rynox Tornado Pro Riding Jacket Version 4 Black Hi Viz Green",L,1.0000,
04349666,"Rynox Tornado Pro Riding Jacket Version 4 Black Hi Viz Green",XL,1.0000,
04349666,"Rynox Tornado Pro Riding Jacket Version 4 Black Hi Viz Green",2XL,1.0000,
08637233,"Rynox Air GT 4 Riding Jacket Black White",S,1.0000,
08637233,"Rynox Air GT 4 Riding Jacket Black White",M,3.0000,
08637233,"Rynox Air GT 4 Riding Jacket Black White",L,2.0000,
08637233,"Rynox Air GT 4 Riding Jacket Black White",XL,0.0000,
08637233,"Rynox Air GT 4 Riding Jacket Black White",2XL,2.0000,
08637233,"Rynox Air GT 4 Riding Jacket Black White",3XL,0.0000,
08637233,"Rynox Air GT 4 Riding Jacket Black White",4XL,1.0000,
08637233,"Rynox Air GT 4 Riding Jacket Black White",5XL,1.0000,
09407751,"Rynox Riding Jacket Air GT V3.0 Black White",S,0.0000,
09407751,"Rynox Riding Jacket Air GT V3.0 Black White",M,0.0000,
09407751,"Rynox Riding Jacket Air GT V3.0 Black White",L,0.0000,
09407751,"Rynox Riding Jacket Air GT V3.0 Black White",XL,0.0000,
09407751,"Rynox Riding Jacket Air GT V3.0 Black White",2XL,-1.0000,
09407751,"Rynox Riding Jacket Air GT V3.0 Black White",3XL,0.0000,
09407751,"Rynox Riding Jacket Air GT V3.0 Black White",4XL,1.0000,
09407751,"Rynox Riding Jacket Air GT V3.0 Black White",5XL,0.0000,
11581899,"Rynox Air GT 4 Riding Jacket Dark Grey Red",S,0.0000,
11581899,"Rynox Air GT 4 Riding Jacket Dark Grey Red",M,1.0000,
11581899,"Rynox Air GT 4 Riding Jacket Dark Grey Red",L,1.0000,
11581899,"Rynox Air GT 4 Riding Jacket Dark Grey Red",XL,-1.0000,
11581899,"Rynox Air GT 4 Riding Jacket Dark Grey Red",2XL,0.0000,
12536028,"Rynox Urban X Riding Jacket Camo Blue Black",S,0.0000,
12536028,"Rynox Urban X Riding Jacket Camo Blue Black",M,0.0000,
12536028,"Rynox Urban X Riding Jacket Camo Blue Black",L,1.0000,
12536028,"Rynox Urban X Riding Jacket Camo Blue Black",XL,0.0000,
12536028,"Rynox Urban X Riding Jacket Camo Blue Black",2XL,1.0000,
12536028,"Rynox Urban X Riding Jacket Camo Blue Black",3XL,0.0000,
15696556,"Rynox Riding Jacket Stealth Evo V3 Grey",S,0.0000,
15696556,"Rynox Riding Jacket Stealth Evo V3 Grey",M,0.0000,
15696556,"Rynox Riding Jacket Stealth Evo V3 Grey",L,0.0000,
15696556,"Rynox Riding Jacket Stealth Evo V3 Grey",XL,0.0000,
15696556,"Rynox Riding Jacket Stealth Evo V3 Grey",2XL,0.0000,
15696556,"Rynox Riding Jacket Stealth Evo V3 Grey",3XL,0.0000,
21366853,"Rynox Riding Jacket Stealth Evo V3 Black With Liners",S,0.0000,
21366853,"Rynox Riding Jacket Stealth Evo V3 Black With Liners",M,0.0000,
21366853,"Rynox Riding Jacket Stealth Evo V3 Black With Liners",L,0.0000,
21366853,"Rynox Riding Jacket Stealth Evo V3 Black With Liners",XL,0.0000,
21366853,"Rynox Riding Jacket Stealth Evo V3 Black With Liners",2XL,0.0000,
23093151,"Rynox Tornado Pro Riding Jacket Version 4 Black White",S,0.0000,
23093151,"Rynox Tornado Pro Riding Jacket Version 4 Black White",M,1.0000,
23093151,"Rynox Tornado Pro Riding Jacket Version 4 Black White",L,1.0000,
23093151,"Rynox Tornado Pro Riding Jacket Version 4 Black White",XL,1.0000,
23093151,"Rynox Tornado Pro Riding Jacket Version 4 Black White",2XL,0.0000,
23093151,"Rynox Tornado Pro Riding Jacket Version 4 Black White",3XL,0.0000,
23093151,"Rynox Tornado Pro Riding Jacket Version 4 Black White",4XL,0.0000,
23093151,"Rynox Tornado Pro Riding Jacket Version 4 Black White",5XL,0.0000,
24399191,"Rynox Cypher Riding Jacket Light Grey",S,0.0000,
24399191,"Rynox Cypher Riding Jacket Light Grey",M,0.0000,
24399191,"Rynox Cypher Riding Jacket Light Grey",L,0.0000,
24399191,"Rynox Cypher Riding Jacket Light Grey",XL,0.0000,
24399191,"Rynox Cypher Riding Jacket Light Grey",2XL,0.0000,
24399191,"Rynox Cypher Riding Jacket Light Grey",3XL,0.0000,
24520920,"Rynox Stealth Air Riding Jacket Black Red",S,0.0000,
24520920,"Rynox Stealth Air Riding Jacket Black Red",M,1.0000,
24520920,"Rynox Stealth Air Riding Jacket Black Red",L,0.0000,
24520920,"Rynox Stealth Air Riding Jacket Black Red",XL,0.0000,
24520920,"Rynox Stealth Air Riding Jacket Black Red",2XL,0.0000,
25933956,"Rynox Urban X Riding Jacket Camo Blue Grey",S,0.0000,
25933956,"Rynox Urban X Riding Jacket Camo Blue Grey",M,0.0000,
25933956,"Rynox Urban X Riding Jacket Camo Blue Grey",L,0.0000,
25933956,"Rynox Urban X Riding Jacket Camo Blue Grey",XL,0.0000,
25933956,"Rynox Urban X Riding Jacket Camo Blue Grey",2XL,0.0000,
25933956,"Rynox Urban X Riding Jacket Camo Blue Grey",3XL,0.0000,
31207428,"Rynox Riding Jacket Air GT V3.0  Grey Hi-Viz Green",S,0.0000,
31207428,"Rynox Riding Jacket Air GT V3.0  Grey Hi-Viz Green",M,0.0000,
31207428,"Rynox Riding Jacket Air GT V3.0  Grey Hi-Viz Green",L,0.0000,
31207428,"Rynox Riding Jacket Air GT V3.0  Grey Hi-Viz Green",XL,0.0000,
31207428,"Rynox Riding Jacket Air GT V3.0  Grey Hi-Viz Green",2XL,0.0000,
38941206,"Rynox Helium GT 2 Riding Jacket Black Red",S,0.0000,
38941206,"Rynox Helium GT 2 Riding Jacket Black Red",M,0.0000,
38941206,"Rynox Helium GT 2 Riding Jacket Black Red",L,0.0000,
38941206,"Rynox Helium GT 2 Riding Jacket Black Red",XL,0.0000,
38941206,"Rynox Helium GT 2 Riding Jacket Black Red",2XL,0.0000,
38941206,"Rynox Helium GT 2 Riding Jacket Black Red",3XL,0.0000,
42977376,"Rynox Helium GT 2 Riding Jacket Black Hi Viz Green",S,0.0000,
42977376,"Rynox Helium GT 2 Riding Jacket Black Hi Viz Green",M,1.0000,
42977376,"Rynox Helium GT 2 Riding Jacket Black Hi Viz Green",L,1.0000,
42977376,"Rynox Helium GT 2 Riding Jacket Black Hi Viz Green",XL,1.0000,
42977376,"Rynox Helium GT 2 Riding Jacket Black Hi Viz Green",2XL,0.0000,
42977376,"Rynox Helium GT 2 Riding Jacket Black Hi Viz Green",3XL,0.0000,
45605754,"Rynox Stealth Air Riding Jacket Light Grey",S,0.0000,
45605754,"Rynox Stealth Air Riding Jacket Light Grey",M,0.0000,
45605754,"Rynox Stealth Air Riding Jacket Light Grey",L,2.0000,
45605754,"Rynox Stealth Air Riding Jacket Light Grey",XL,0.0000,
45605754,"Rynox Stealth Air Riding Jacket Light Grey",2XL,0.0000,
45605754,"Rynox Stealth Air Riding Jacket Light Grey",3XL,0.0000,
47380750,"Rynox Helium GT 2 Riding Jacket Black White",S,0.0000,
47380750,"Rynox Helium GT 2 Riding Jacket Black White",M,1.0000,
47380750,"Rynox Helium GT 2 Riding Jacket Black White",L,1.0000,
47380750,"Rynox Helium GT 2 Riding Jacket Black White",XL,1.0000,
47380750,"Rynox Helium GT 2 Riding Jacket Black White",2XL,1.0000,
47380750,"Rynox Helium GT 2 Riding Jacket Black White",3XL,0.0000,
51538687,"Rynox Riding Jacket Storm Level 2 Sand Brown",S,0.0000,
51538687,"Rynox Riding Jacket Storm Level 2 Sand Brown",M,0.0000,
51538687,"Rynox Riding Jacket Storm Level 2 Sand Brown",XL,0.0000,
51538687,"Rynox Riding Jacket Storm Level 2 Sand Brown",2XL,0.0000,
51538687,"Rynox Riding Jacket Storm Level 2 Sand Brown",3XL,0.0000,
51538687,"Rynox Riding Jacket Storm Level 2 Sand Brown",L,0.0000,
55464409,"Rynox Riding Jacket Air GT V3.0 Dark Grey Red",S,0.0000,
55464409,"Rynox Riding Jacket Air GT V3.0 Dark Grey Red",M,0.0000,
55464409,"Rynox Riding Jacket Air GT V3.0 Dark Grey Red",L,0.0000,
55464409,"Rynox Riding Jacket Air GT V3.0 Dark Grey Red",XL,0.0000,
55464409,"Rynox Riding Jacket Air GT V3.0 Dark Grey Red",2XL,0.0000,
55713502,"Rynox Cypher Riding Jacket Black",S,0.0000,
55713502,"Rynox Cypher Riding Jacket Black",M,0.0000,
55713502,"Rynox Cypher Riding Jacket Black",L,0.0000,
55713502,"Rynox Cypher Riding Jacket Black",XL,0.0000,
55713502,"Rynox Cypher Riding Jacket Black",2XL,0.0000,
57126190,"Rynox Stealth Air Riding Jacket Navy Blue Grey",S,0.0000,
57126190,"Rynox Stealth Air Riding Jacket Navy Blue Grey",M,1.0000,
57126190,"Rynox Stealth Air Riding Jacket Navy Blue Grey",L,0.0000,
57126190,"Rynox Stealth Air Riding Jacket Navy Blue Grey",XL,0.0000,
57126190,"Rynox Stealth Air Riding Jacket Navy Blue Grey",2XL,0.0000,
57126190,"Rynox Stealth Air Riding Jacket Navy Blue Grey",3XL,0.0000,
57446747,"Rynox Air GT V3.0 Riding Jacket Grey Orange",S,0.0000,
57446747,"Rynox Air GT V3.0 Riding Jacket Grey Orange",M,1.0000,
57446747,"Rynox Air GT V3.0 Riding Jacket Grey Orange",L,0.0000,
57446747,"Rynox Air GT V3.0 Riding Jacket Grey Orange",XL,0.0000,
57446747,"Rynox Air GT V3.0 Riding Jacket Grey Orange",2XL,0.0000,
59754392,"Rynox Air GT 4 Riding Jacket Grey Hi Viz Green",S,0.0000,
59754392,"Rynox Air GT 4 Riding Jacket Grey Hi Viz Green",M,1.0000,
59754392,"Rynox Air GT 4 Riding Jacket Grey Hi Viz Green",L,1.0000,
59754392,"Rynox Air GT 4 Riding Jacket Grey Hi Viz Green",XL,2.0000,
59754392,"Rynox Air GT 4 Riding Jacket Grey Hi Viz Green",2XL,0.0000,
63277339,"Rynox Riding Jacket Stealth Evo V3 Black",S,0.0000,
63277339,"Rynox Riding Jacket Stealth Evo V3 Black",M,0.0000,
63277339,"Rynox Riding Jacket Stealth Evo V3 Black",L,1.0000,
63277339,"Rynox Riding Jacket Stealth Evo V3 Black",XL,0.0000,
63277339,"Rynox Riding Jacket Stealth Evo V3 Black",2XL,0.0000,
63277339,"Rynox Riding Jacket Stealth Evo V3 Black",3XL,0.0000,
63277339,"Rynox Riding Jacket Stealth Evo V3 Black",4XL,0.0000,
63631268,"Rynox Tornado Pro Riding Jacket Version 4 Black Red",S,0.0000,
63631268,"Rynox Tornado Pro Riding Jacket Version 4 Black Red",M,1.0000,
63631268,"Rynox Tornado Pro Riding Jacket Version 4 Black Red",L,1.0000,
63631268,"Rynox Tornado Pro Riding Jacket Version 4 Black Red",XL,1.0000,
63631268,"Rynox Tornado Pro Riding Jacket Version 4 Black Red",2XL,0.0000,
66287608,"Rynox Storm Riding Jacket Black",S,0.0000,
66287608,"Rynox Storm Riding Jacket Black",M,0.0000,
66287608,"Rynox Storm Riding Jacket Black",L,0.0000,
66287608,"Rynox Storm Riding Jacket Black",XL,1.0000,
66287608,"Rynox Storm Riding Jacket Black",2XL,-1.0000,
69592725,"Rynox Tornado Pro Riding Jacket Black Anniversary Edition",S,0.0000,
69592725,"Rynox Tornado Pro Riding Jacket Black Anniversary Edition",M,0.0000,
69592725,"Rynox Tornado Pro Riding Jacket Black Anniversary Edition",L,0.0000,
69592725,"Rynox Tornado Pro Riding Jacket Black Anniversary Edition",XL,0.0000,
69592725,"Rynox Tornado Pro Riding Jacket Black Anniversary Edition",2XL,0.0000,
72581088,"Rynox Storm Riding Jacket - Noctex",S,0.0000,
72581088,"Rynox Storm Riding Jacket - Noctex",M,0.0000,
72581088,"Rynox Storm Riding Jacket - Noctex",L,0.0000,
72581088,"Rynox Storm Riding Jacket - Noctex",XL,0.0000,
72581088,"Rynox Storm Riding Jacket - Noctex",2XL,0.0000,
72581088,"Rynox Storm Riding Jacket - Noctex",3XL,0.0000,
72581088,"Rynox Storm Riding Jacket - Noctex",4XL,0.0000,
72581088,"Rynox Storm Riding Jacket - Noctex",5XL,0.0000,
74442802,"Rynox Stealth Air Riding Jacket Black Grey",S,0.0000,
74442802,"Rynox Stealth Air Riding Jacket Black Grey",M,0.0000,
74442802,"Rynox Stealth Air Riding Jacket Black Grey",L,0.0000,
74442802,"Rynox Stealth Air Riding Jacket Black Grey",XL,0.0000,
74442802,"Rynox Stealth Air Riding Jacket Black Grey",2XL,0.0000,
74442802,"Rynox Stealth Air Riding Jacket Black Grey",3XL,0.0000,
76463348,"Rynox Riding Jacket Stealth Evo V3 Grey With Liners",S,0.0000,
76463348,"Rynox Riding Jacket Stealth Evo V3 Grey With Liners",M,0.0000,
76463348,"Rynox Riding Jacket Stealth Evo V3 Grey With Liners",L,0.0000,
76463348,"Rynox Riding Jacket Stealth Evo V3 Grey With Liners",XL,0.0000,
76463348,"Rynox Riding Jacket Stealth Evo V3 Grey With Liners",2XL,0.0000,
89039656,"Rynox Tornado Pro Riding Jacket Version 4 Orange",S,0.0000,
89039656,"Rynox Tornado Pro Riding Jacket Version 4 Orange",M,0.0000,
89039656,"Rynox Tornado Pro Riding Jacket Version 4 Orange",L,0.0000,
89039656,"Rynox Tornado Pro Riding Jacket Version 4 Orange",XL,1.0000,
89039656,"Rynox Tornado Pro Riding Jacket Version 4 Orange",2XL,0.0000,
89039656,"Rynox Tornado Pro Riding Jacket Version 4 Orange",3XL,0.0000,
89039656,"Rynox Tornado Pro Riding Jacket Version 4 Orange",4XL,0.0000,
89039656,"Rynox Tornado Pro Riding Jacket Version 4 Orange",5XL,0.0000,
92968809,"Rynox Riding Jacket Storm Level 2 Knight Grey",S,0.0000,
92968809,"Rynox Riding Jacket Storm Level 2 Knight Grey",M,0.0000,
92968809,"Rynox Riding Jacket Storm Level 2 Knight Grey",XL,0.0000,
92968809,"Rynox Riding Jacket Storm Level 2 Knight Grey",2XL,0.0000,
92968809,"Rynox Riding Jacket Storm Level 2 Knight Grey",3XL,0.0000,
92968809,"Rynox Riding Jacket Storm Level 2 Knight Grey",L,0.0000,
96863154,"Rynox Riding Jacket Stealth Evo V3 Black With Liners (2020 Edition)",S,0.0000,
96863154,"Rynox Riding Jacket Stealth Evo V3 Black With Liners (2020 Edition)",M,0.0000,
96863154,"Rynox Riding Jacket Stealth Evo V3 Black With Liners (2020 Edition)",L,0.0000,
96863154,"Rynox Riding Jacket Stealth Evo V3 Black With Liners (2020 Edition)",XL,0.0000,
96863154,"Rynox Riding Jacket Stealth Evo V3 Black With Liners (2020 Edition)",2XL,0.0000,
