"Product Code","Product Name",Variant,Expected,Counted
00073113,"Steelbird Robot Graphics Full Face Helmet",,0.0000,
00231248,"Steelbird Air Dashing Double Visor Helmet",,0.0000,
02385823,"Vega Cable Lock",,0.0000,
03014057,"Vega Aster Open Face Helmet",,2.0000,
03105885,"Helmet Part Vega Boolean Visor Mechanism",,1.0000,
03387483,"Helmet Part Vega Edge Clear Visor",,2.0000,
03421989,"Helmet Part Steelbird Robot Mirror Visor",,0.0000,
03619354,"Helmet Part Vega Offroad Clear Visor",,1.0000,
03918881,"Steelbird Open Face Helmet SB27 Matt Black",,0.0000,
04443090,"Helmet Part Vega Cliff Clear Visor",,2.0000,
04601203,"Steelbird Aeronotics SA2 Full Face Helmet Plain Matt Black",600mm,0.0000,
04601203,"Steelbird Aeronotics SA2 Full Face Helmet Plain Matt Black",580mm,0.0000,
05417395,"Vega Edge Graphics Full Face Helmet",,0.0000,
05497453,"Vega Aster DX Open Face Helmet",,0.0000,
06111587,"Helmet Part Steelbird SB1 Visor Mechanism",,1.0000,
06167882,"Steelbird SBH05 Open Face Helmet",,20.0000,
07230814,"Helmet Part Vega Boolean Clear Visor",,0.0000,
07497309,"Steelbird SB37 Zon Plus Dashing Full Face Helmet",,0.0000,
08639441,"Helmet Part Vega Jet Bubble Visor",Clear,0.0000,
08639441,"Helmet Part Vega Jet Bubble Visor",Smoke,0.0000,
09007270,"SBA21 Raptor Graphics Full Face Helmet",,0.0000,
09258711,"Steelbird Aeronotics SA2 Full Face Helmet Metallic Gloss Black Red",600mm,0.0000,
09258711,"Steelbird Aeronotics SA2 Full Face Helmet Metallic Gloss Black Red",580mm,0.0000,
09445557,"Steelbird SBA2 Plain Black Full Face Helmet",,0.0000,
09731734,"Helmet Part Vega Lark Clear Visor",,1.0000,
10827169,"Steelbird SBA1 Street Graphics Helmet with Smoke Visor",,6.0000,
11599130,"Steelbird Robot ICE Graphics Full Face Helmet",,13.0000,
117218268,"Steelbird SBA2 Dashing Full Face Helmet",,0.0000,
12166212,"Steelbird Aeronotics Graphics Fullface Helmet",,0.0000,
12655749,"Helmet Part Vega Cliff  Mirror Visor",,1.0000,
13096368,"Vega Bolt Super Hero Graphics Helmet",,0.0000,
13834320,"Vega Bolt Macho Full Face Helmet Black Grey Gloss",,0.0000,
15850381,"Helmet Part SBA7 Smoke Visor",,10.0000,
15866070,"Helmet Part Vega Bolt Visor Mirror",,5.0000,
16524530,"Steelbird Shoe Cover","UK7-UK8 (EU42-EU43)",0.0000,
16524530,"Steelbird Shoe Cover","UK9-UK10 (EU44-EU46)",1.0000,
16851770,"Steelbird SBA1 Racer Graphics Helmet",,3.0000,
16854113,"Vega Bolt Full Face Helmet Bunny Black Red",,0.0000,
17200470,"Steelbird Rox Matt Black Double Visor Helmet",,0.0000,
178476290,"Vega Crux Full Face Helmet",,5.0000,
18413484,"Steelbird Rox Dashing Double Visor Helmet",,1.0000,
18486243,"Helmet Part Vega Aster Clear Visor",,2.0000,
20527253,"Helmet Part Vega Verve/Jet Smoke Visor",,0.0000,
20538444,"Steelbird Air SBA7 Dashing Black FlipUp Helmet (Single Visor)",,1.0000,
21708613,"Helmet Part Vega Lark Mirror Visor",,-1.0000,
25302226,"Vega Edge Full Face Helmet",,0.0000,
26476497,"Steelbird Air SBA7 Dashing Black FlipUp Helmet (Double Visor)",,1.0000,
26622464,"Vega Breeze Full Face Helmet",,0.0000,
28087869,"Steelbird Air Dashing Full Face Helmet",,0.0000,
28472069,"Steelbird DRX DV Dashing Open Face Helmet",,0.0000,
29848033,"Steelbird Rox Black Full Face Helmet",,0.0000,
30488040,"Vega Bolt Full Face Helmet Solid Gloss Black",,0.0000,
31672826,"Steelbird Robot Plain Full Face Helmet",,0.0000,
31932702,"Helmet Part Steelbird Robot Clear Visor",,1.0000,
32027001,"Helmet Part Vega Evo/Ryker Clear Visor",,-1.0000,
32512340,"Steelbird Wiz Dashing Full Face Helmet",,0.0000,
32722737,"Steelbird Air Dashing Black HF Full Face Helmet with Handsfree",,0.0000,
33212877,"Ignyte IGN4 Gloss Titanium Grey Full Face Helmet",S,1.0000,
33212877,"Ignyte IGN4 Gloss Titanium Grey Full Face Helmet",M,-1.0000,
33212877,"Ignyte IGN4 Gloss Titanium Grey Full Face Helmet",L,0.0000,
33212877,"Ignyte IGN4 Gloss Titanium Grey Full Face Helmet",XL,0.0000,
33298122,"Steelbird Antifog Lens",,2.0000,
33799894,"Helmet Part Vega Jet Visor",Smoke,-1.0000,
33799894,"Helmet Part Vega Jet Visor",Mirror,0.0000,
33799894,"Helmet Part Vega Jet Visor",Rainbow,1.0000,
34136816,"Helmet Part Vega Verve Visor Mechanism",,1.0000,
34400053,"Vega Bolt Crown Black Blue Full Face Helmet",,0.0000,
34797645,"Steelbird SBH40 SV Graphics Full Face Helmet",,2.0000,
35252873,"Helmet Part Steelbird Offroad Visor Mechanism",,1.0000,
35893726,"Helmet Part Vega Lark Smoke Visor",,2.0000,
36700417,"Steelbird Vast Flip Up Helmet",,0.0000,
36835160,"Steelbird SBH23 Ava Dashing Black Open Face Helmet",,0.0000,
37017853,"Helmet Part Steelbird SBA2 Visor Mechanism",,1.0000,
37846232,"Helmet Part Vega Offroad Visor Mechanism",,0.0000,
37850531,"Helmet Part Steelbird Rox Clear Visor",,2.0000,
38257062,"Vega Ridge Open Face Helmet",,0.0000,
39053763,"Vega Buds Full Face Helmet",,2.0000,
39779302,"Helmet Part Steelbird SBH40 Clear Visor",,-1.0000,
42523504,"Vega Bolt Crown Black Red Full Face Helmet",,0.0000,
43355346,"Steelbird Aeronotics Plain Full Face Helmet",,0.0000,
44232423,"Steelbird Bang SB42 Offroad Full Face Helmet Plain Black",,0.0000,
45002546,"Steelbird SBH40 Plain DV Full Face Helmet",,0.0000,
45316731,"Helmet Part Steelbird SBH16 Pulse Visor Mechanism",,1.0000,
45432041,"Helmet Part Vega Cara Clear Visor",,0.0000,
46188786,"Steelbird Air Graphics Double Visor Full Face Helmet",,0.0000,
46464126,"Helmet Part Vega Crux Mirror Visor",,2.0000,
47465769,"Steelbird Adonis Majestic Full Face Helmet",,0.0000,
47633376,"Steelbird Robot ICE Graphics Full Face Helmet (Orange)",,0.0000,
47843749,"Vega Jet Open Face Helmet Plain",,2.0000,
48174504,"Helmet Part Steelbird Robot Smoke Visor",,0.0000,
50091316,"Vega Bolt Macho Full Face Helmet Black Grey Matt",,0.0000,
51012881,"Helmet Part Vega Breeze Clear Visor",,4.0000,
51851574,"Steelbird Aeronotics SA2 Full Face Helmet Villain Gloss Red",600mm,0.0000,
51851574,"Steelbird Aeronotics SA2 Full Face Helmet Villain Gloss Red",580mm,0.0000,
52729291,"Steelbird Rox Plus SV Dashing Black Full Face Helmet",,2.0000,
53121083,"Steelbird Robot Dashing Black Full Face Helmet",,2.0000,
53753213,"Vega Lark Graphics Open Face Helmet",,3.0000,
54030984,"Steelbird Aeronotics SA2 Full Face Helmet Plain Gloss Black",600mm,2.0000,
54030984,"Steelbird Aeronotics SA2 Full Face Helmet Plain Gloss Black",580mm,0.0000,
54136116,"Helmet Part Vega Buds Visor Mechainsm",,2.0000,
54387587,"Helmet Part Steelbird Raptor SBA21 Clear Visor",,9.0000,
54578366,"Steelbird Joy Dashing Open Face Helmet",,1.0000,
55276833,"Steelbird SB33 Grey Open Face Helmet",,0.0000,
55397526,"Helmet Part Vega Crux Clear Visor",,-1.0000,
56573474,"Steelbird SBH40 DV Graphics Full Face Helmet",,1.0000,
56700158,"Vega Bolt Rapid White Neon Yellow Full Face Helmet",,0.0000,
56867920,"Vega Bolt Game Changer Graphics Helmet",,1.0000,
56886422,"Steelbird Full Gloves",,0.0000,
57640496,"Steelbird Aeronotics SA2 Full Face Helmet Escape Matt Grey",600mm,0.0000,
57640496,"Steelbird Aeronotics SA2 Full Face Helmet Escape Matt Grey",580mm,0.0000,
576820478,"Vega Cliff Black Full Face Helmet",,0.0000,
57852773,"Steelbird Bang Offroad Helmet","Battle Green",0.0000,
58680385,"Vega Buds Open Face Helmet",,3.0000,
59210432,"Steelbird SB33 Silver Open Face Helmet",,0.0000,
59243822,"Helmet Part Vega Verve/Jet Mirror Visor",,2.0000,
59846207,"Vega Atom Open Face Helmet",,1.0000,
61246244,"Helmet Part Vega Cliff Visor Mechanism with Screw",,0.0000,
61882369,"Steelbird Vast Neon Yellow Flip Up Helmet",,0.0000,
62379296,"Helmet Part Vega Lark Visor Mechanism",,2.0000,
63276732,"Steelbird Oscar Classic Black Full Face Helmet",,1.0000,
63492466,"Steelbird SBA2 Painted Helmet Matt Desert Storm",,0.0000,
63614996,"Vega Breeze Graphics Helmet",,1.0000,
64333989,"Steelbird Cable Lock",,120.0000,
64451819,"Helmet Part Steelbird Raptor SBA21 Smoke Visor",,15.0000,
64637052,"Helmet Part Vega Buds Visor",Smoke,0.0000,
64637052,"Helmet Part Vega Buds Visor",Clear,4.0000,
64637052,"Helmet Part Vega Buds Visor",Mirror,0.0000,
64663701,"Steelbird SBH23 Ava Dashing Battle Green Open Face Helmet",,-2.0000,
64956235,"Vega Blaze Graphics Open Face Helmet",,1.0000,
65478241,"Steelbird Rox DV Graphics Helmet",,13.0000,
65998087,"Helmet Part Vega Atom Visor Mechanism",,0.0000,
66513983,"Steelbird SBH24 Vox Dashing Black Open Face Helmet",,0.0000,
66654965,"Vega Lark Plain Open Face Helmet",,-1.0000,
67373079,"Steelbird Aeronotics SA2 Full Face Helmet Metallic Gloss Grey",600mm,0.0000,
67373079,"Steelbird Aeronotics SA2 Full Face Helmet Metallic Gloss Grey",580mm,0.0000,
67773736,"Helmet Part SBA7 Cheek Pads",,0.0000,
67923311,"Steelbird SBA1 Thryl Matt Black Grey Helmet",,2.0000,
69774794,"Vega Bolt Full Face Helmet Bunny White Red",,2.0000,
69796921,"Steelbird Adventure A2 Riding Gloves",,2.0000,
70973143,"Helmet Part Vega Crux Smoke Visor",,5.0000,
70987089,"Steelbird Aeronotics SA2 Full Face Helmet Metallic Gloss Black Neon Green",600mm,0.0000,
70987089,"Steelbird Aeronotics SA2 Full Face Helmet Metallic Gloss Black Neon Green",580mm,0.0000,
71351882,"Steelbird Rox Black M16 Full Face Helmet",,0.0000,
72663753,"Vega Bolt Macho Full Face Helmet Matt Black Orange",,0.0000,
73221851,"Steelbird Aeronotics SA2 Full Face Helmet Villain Gloss Grey",600mm,0.0000,
73221851,"Steelbird Aeronotics SA2 Full Face Helmet Villain Gloss Grey",580mm,0.0000,
73716221,"Helmet Part Steelbird Air 1 Smoke Visor",,4.0000,
73874087,"Vega Crux DX Plain Full Face Helmet",,0.0000,
74560391,"Steelbird Open Face Helmet Pulse Painted",,0.0000,
75756693,"Vega Bolt Full Face Helmet Bunny Black Blue Neon Yellow Matt",,0.0000,
75867004,"Steelbird Air SBA6 Fuze Dashing Open Face Helmet",,0.0000,
75905446,"Helmet Part Vega Crux Visor Mechanism",,0.0000,
76731464,"Helmet Part SBA7 Clear Visor",,4.0000,
77678329,"Steelbird SBA19 R2K Dashing Black FlipUp Helmet",,1.0000,
78416661,"Steelbird Rex Dashing Open Face Helmet",Black,6.0000,
78416661,"Steelbird Rex Dashing Open Face Helmet","Battle Green",-3.0000,
78416661,"Steelbird Rex Dashing Open Face Helmet",Blue,-3.0000,
78416661,"Steelbird Rex Dashing Open Face Helmet",Pink,0.0000,
78416661,"Steelbird Rex Dashing Open Face Helmet",Red,0.0000,
78901563,"Steelbird SB1 Full Face Helmet",,0.0000,
79108326,"Steelbird Open Face Helmet Pulse Black",,0.0000,
79172140,"Vega Bolt Full Face Helmet Bunny Black Blue Neon Yellow Gloss",,0.0000,
79366250,"Vega Bolt Octopus Graphics Full Face Helmet",,0.0000,
80651635,"Vega Bolt Macho Full Face Helmet Matt Black Neon",,0.0000,
81061885,"Helmet Part Vega Verve/Jet Clear Visor",,3.0000,
81263386,"Vega Cruiser Peak Open Face Helmet",,0.0000,
81312209,"Steelbird Kids Open Face Helmet Tiny",,0.0000,
82202154,"Helmet Part Steelbird SBA2 Mirror Visor",,1.0000,
83853694,"Vega Bolt Full Face Helmet Solid Matt Black",,1.0000,
84340631,"Helmet Part Vega Bolt Visor Mechanism",,2.0000,
84354815,"Vega Crux Graphics Full Face Helmet",,3.0000,
84856584,"Steelbird Air SBA7 Flipup Helmet with Graphics (Double Visor)",,1.0000,
85579718,"Vega Cliff Graphics Full Face Helmet",,0.0000,
87190706,"Helmet Part Vega Cliff Visor Screw",,-22.0000,
874441480,"Steelbird SBA2 Graphics Full Face Helmet",,0.0000,
87528095,"Helmet Part Steelbird Zon Clear Visor",,2.0000,
87801548,"Steelbird Aeronotics SA2 Full Face Helmet Metallic Matt Neon Green",600mm,0.0000,
87801548,"Steelbird Aeronotics SA2 Full Face Helmet Metallic Matt Neon Green",580mm,1.0000,
88542765,"Helmet Part Vega Bolt Visor",Clear,1.0000,
88542765,"Helmet Part Vega Bolt Visor",Smoke,4.0000,
88906454,"Helmet Part Steelbird SBH40 Cheekpads",540mm,2.0000,
88906454,"Helmet Part Steelbird SBH40 Cheekpads",560mm,0.0000,
88906454,"Helmet Part Steelbird SBH40 Cheekpads",580mm,0.0000,
88906454,"Helmet Part Steelbird SBH40 Cheekpads",600mm,0.0000,
90141502,"Steelbird Rex Open Face Helmet (Glossy Black)",,0.0000,
90175258,"Vega Bolt Bunny Full Face Helmet  Black Neon Yellow Gloss",,0.0000,
90592337,"Vega Crux DV Plain Full Face Helmet",,0.0000,
91369557,"Ignyte IGN7 DV Gloss Black Full Face Helmet",S,1.0000,
91369557,"Ignyte IGN7 DV Gloss Black Full Face Helmet",M,0.0000,
91369557,"Ignyte IGN7 DV Gloss Black Full Face Helmet",L,-1.0000,
91369557,"Ignyte IGN7 DV Gloss Black Full Face Helmet",XL,0.0000,
916902224,"Steelbird Bang SB42 Off Road Full Face Helmet",,0.0000,
92867214,"Steelbird Raptor with Graphics Double Visor Helmet",,0.0000,
933252143,"Steelbird SB42 Bargy Off Road Full Face Helmet",,0.0000,
94976368,"Vega Offroad DV Graphics Full Face Helmet",,2.0000,
95080205,"Helmet Part Vega Cruiser Clear Visor",,1.0000,
96404422,"Helmet Part Vega Evo/Ryker Mirror Visor",,0.0000,
98251327,"Vega Verve Open Face Helmet",,3.0000,
98337847,"Steelbird Raptor Dashing Black Full Face Helmet",,6.0000,
99037566,"Vega Bolt Crown Black Green Full Face Helmet",,0.0000,
99718523,"Helmet Part Vega Crux Screw and Ring",,-23.0000,
99832214,"Vega Jet Graphics Open Face Helmet",,0.0000,
99990421,"Steelbird Rox Gloss Black Double Visor Helmet",,2.0000,
