"Product Code","Product Name",Variant,Expected,Counted
00051305,"Sixth Finger Covid Key",,84.0000,
00352328,"HJC CL17 Full Face Helmet Ragua MC3HSF Large",,0.0000,
00660461,"Axor Street Wolf Dull Black Neon Yellow Full Face Helmet",S,0.0000,
00660461,"Axor Street Wolf Dull Black Neon Yellow Full Face Helmet",M,0.0000,
00660461,"Axor Street Wolf Dull Black Neon Yellow Full Face Helmet",L,0.0000,
00660461,"Axor Street Wolf Dull Black Neon Yellow Full Face Helmet",XL,0.0000,
01034459,"HJC CS15 MC10SF Full Face Helmet Stormtrooper Star Wars Large",,0.0000,
01245041,Simplypos,large,2.0000,
01245041,Simplypos,small,0.0000,
01245041,Simplypos,medium,0.0000,
01429113,"Fuel Cap Sticker",,23.0000,
01647914,"Helmet Part SMK Twister/Glide Visor Smoke Pinlock 30 Ready",,1.0000,
01658292,"Steelbird Adonis Dashing Black Full Face Helmet",,0.0000,
01875805,"Helmet Part SMK Glide Spare Liner",S,0.0000,
01875805,"Helmet Part SMK Glide Spare Liner",M,0.0000,
01875805,"Helmet Part SMK Glide Spare Liner",L,0.0000,
01875805,"Helmet Part SMK Glide Spare Liner",XL,0.0000,
01879228,"MX9 Textured Open Face Helmet",,3.0000,
02095625,"KTM Full Gloves",,0.0000,
02159328,"Mavox Open Face Helmet OX20 Hull",,1.0000,
02215968,"Helmet Part Studds Ninja 3G/Scorpion Smoke Visor",,4.0000,
03222284,"Rynox Gloves Inferno Pro",Small,0.0000,
03222284,"Rynox Gloves Inferno Pro",Medium,0.0000,
03222284,"Rynox Gloves Inferno Pro",Large,0.0000,
03222284,"Rynox Gloves Inferno Pro",XL,0.0000,
03222284,"Rynox Gloves Inferno Pro",2XL,0.0000,
03224443,"SMK Twister Wraith White/Blue/Red Full Face Helmet GL153",Small,0.0000,
03224443,"SMK Twister Wraith White/Blue/Red Full Face Helmet GL153",Medium,0.0000,
03224443,"SMK Twister Wraith White/Blue/Red Full Face Helmet GL153",Large,1.0000,
03224443,"SMK Twister Wraith White/Blue/Red Full Face Helmet GL153",XL,0.0000,
03801677,"Xenon LED Bar End",,2.0000,
03918881,"Steelbird Open Face Helmet SB27 Matt Black",,0.0000,
03951689,"Axor Rage Ecco Glossy Orange Full Face Helmet",S,0.0000,
03951689,"Axor Rage Ecco Glossy Orange Full Face Helmet",M,0.0000,
03951689,"Axor Rage Ecco Glossy Orange Full Face Helmet",L,1.0000,
03951689,"Axor Rage Ecco Glossy Orange Full Face Helmet",XL,0.0000,
04443090,"Helmet Part Vega Cliff Clear Visor",,4.0000,
04566712,"Wunderlich Visor Cleaning Cloth",,5.0000,
04723129,"Helmet Part SMK Twister Spare Liner",S,0.0000,
04723129,"Helmet Part SMK Twister Spare Liner",M,8.0000,
04723129,"Helmet Part SMK Twister Spare Liner",L,2.0000,
04723129,"Helmet Part SMK Twister Spare Liner",XL,3.0000,
04723129,"Helmet Part SMK Twister Spare Liner",2XL,0.0000,
04742839,"Studds Thunder Glossy Black Full Face Helmet",,1.0000,
04837421,"Vega Offroad Matt Black Full Face Helmet Single Visor",,0.0000,
05205914,"Noise Play Action Camera",,1.0000,
05638899,"MotoTech Riding Boots Long UK10",,1.0000,
05939110,"Rynox Urban Gloves Brown",S,0.0000,
05939110,"Rynox Urban Gloves Brown",M,1.0000,
05939110,"Rynox Urban Gloves Brown",L,2.0000,
05939110,"Rynox Urban Gloves Brown",XL,0.0000,
05939110,"Rynox Urban Gloves Brown",2XL,0.0000,
05974944,"Maisto Scale Model Motorcycle 1:12 Harley Davidson","Sportster Iron 883",0.0000,
06623273,"Gear Shifter Cover Shift Sock",,14.0000,
06680733,"Axor Apex Liberty Glossy Black Orange Full Face Helmet",,0.0000,
06857632,"SMK Stellar Full Face Helmet Meteorite Gloss Black Grey Green GL286",S,0.0000,
06857632,"SMK Stellar Full Face Helmet Meteorite Gloss Black Grey Green GL286",L,2.0000,
06940164,"Helmet Part SBA2  Visor",Clear,-1.0000,
06940164,"Helmet Part SBA2  Visor",Mirror,-1.0000,
07190929,"Octopus Sponge Tripod Size L (22cm)",,1.0000,
07230814,"Helmet Part Vega Boolean Clear Visor",,1.0000,
07396314,"KnN Air Filter E0900",,1.0000,
07644676,"Studds Thunder Plain Black Full Face Helmet",,0.0000,
08018097,"SMK Stellar Full Face Helmet Meteorite Gloss Black Grey Red GL236",S,0.0000,
08375428,"Rynox Gloves Scout Black",S,0.0000,
08375428,"Rynox Gloves Scout Black",M,0.0000,
08375428,"Rynox Gloves Scout Black",L,0.0000,
08375428,"Rynox Gloves Scout Black",XL,0.0000,
08375428,"Rynox Gloves Scout Black",2XL,0.0000,
08515757,"KH Half Gloves",,2.0000,
08610300,"Studds Thunder Plain Matt Black With Mirror Visor",,0.0000,
08639441,"Helmet Part Vega Jet Bubble Visor",Clear,1.0000,
08639441,"Helmet Part Vega Jet Bubble Visor",Smoke,1.0000,
08753679,"Rynox Urban X Gloves",S,0.0000,
08753679,"Rynox Urban X Gloves",M,1.0000,
08753679,"Rynox Urban X Gloves",L,1.0000,
08753679,"Rynox Urban X Gloves",XL,1.0000,
08753679,"Rynox Urban X Gloves",2XL,1.0000,
08998025,"Rynox Riding Pants Stealth Evo Black",Small,-1.0000,
08998025,"Rynox Riding Pants Stealth Evo Black",XL,0.0000,
08998025,"Rynox Riding Pants Stealth Evo Black",3XL,0.0000,
09407751,"Rynox Riding Jacket Air GT V3.0 Black White",S,1.0000,
09407751,"Rynox Riding Jacket Air GT V3.0 Black White",M,2.0000,
09407751,"Rynox Riding Jacket Air GT V3.0 Black White",L,0.0000,
09407751,"Rynox Riding Jacket Air GT V3.0 Black White",XL,0.0000,
09407751,"Rynox Riding Jacket Air GT V3.0 Black White",2XL,2.0000,
09407751,"Rynox Riding Jacket Air GT V3.0 Black White",3XL,0.0000,
09407751,"Rynox Riding Jacket Air GT V3.0 Black White",4XL,1.0000,
09407751,"Rynox Riding Jacket Air GT V3.0 Black White",5XL,1.0000,
09418113,"Cable Lock",,10.0000,
09445557,"Steelbird SBA2 Plain Black Full Face Helmet",,0.0000,
09731734,"Helmet Part Vega Lark Clear Visor",,3.0000,
09755943,"Rynox Urban Gloves Black",S,1.0000,
09755943,"Rynox Urban Gloves Black",M,1.0000,
09755943,"Rynox Urban Gloves Black",L,1.0000,
09755943,"Rynox Urban Gloves Black",XL,0.0000,
09755943,"Rynox Urban Gloves Black",2XL,0.0000,
09797832,"Rynox Riding Jacket Tornado Pro Level 2 Black Grey",,0.0000,
09904267,"Rynox Ceros Chest Protector",,0.0000,
10005800,"AS Balaclava",,2.0000,
105996756,"SMK Force White Full Face Helmet GL100",,0.0000,
106540303,"SMK Stellar Rainstar Black Yellow MA264",Small,0.0000,
106540303,"SMK Stellar Rainstar Black Yellow MA264",Medium,0.0000,
106540303,"SMK Stellar Rainstar Black Yellow MA264",Large,1.0000,
106540303,"SMK Stellar Rainstar Black Yellow MA264",XL,0.0000,
10821343,"HJC CS15 Full Face Helmet Treague MC1SF Medium",,1.0000,
10864255,"Maisto Scale Model Motorcycle 1:18","BMW R1200 GS 2017",1.0000,
10864255,"Maisto Scale Model Motorcycle 1:18","BMW S1000 RR",1.0000,
10864255,"Maisto Scale Model Motorcycle 1:18","Ducati 1199 Panigale Red",0.0000,
10864255,"Maisto Scale Model Motorcycle 1:18","Ducati Scrambler Yellow",0.0000,
10864255,"Maisto Scale Model Motorcycle 1:18","Honda African Twin Red",0.0000,
10864255,"Maisto Scale Model Motorcycle 1:18","Kawasaki Ninja H2R Grey",0.0000,
10864255,"Maisto Scale Model Motorcycle 1:18","KTM RC 390",0.0000,
10864255,"Maisto Scale Model Motorcycle 1:18","Suzuki GSX 1300R Hayabusa White",0.0000,
11169945,"Studds Thunder D5 Blue Full Face Helmet",,0.0000,
11276639,"Studds Thunder D4 Black Blue Full Face Helmet",,0.0000,
11341394,"Helmet Part Visor Mechanism Gear Plate Set for HJC CS15/CL17/CLSTII/TR-1",,0.0000,
11448929,"Raincoat Wipes for Visor (Set of 5)",,3.0000,
11490824,"Studds Thunder D1 Black Blue Full Face Helmet",,1.0000,
11601193,"Rynox Gripper Reflective Bungee Strap Black",,44.0000,
117218268,"Steelbird SBA2 Dashing Full Face Helmet",,0.0000,
117902591,"Steelbird HiGn Vision Yellow Full Face Helmet",,0.0000,
11912161,"Axor Apex Venomous Matt Black Neon Green Full Face Helmet",S,0.0000,
11912161,"Axor Apex Venomous Matt Black Neon Green Full Face Helmet",M,2.0000,
11912161,"Axor Apex Venomous Matt Black Neon Green Full Face Helmet",L,2.0000,
11912161,"Axor Apex Venomous Matt Black Neon Green Full Face Helmet",XL,0.0000,
12002794,"Studds Top Box Fitment Rack",Himalayan,1.0000,
12166212,"Steelbird Aeronotics Graphics Fullface Helmet",,1.0000,
122815511,"Studds Vaultbox",,0.0000,
12321048,"Studds Ninja Concept Open Face Helmet",,2.0000,
12366875,"WILDCRAFT HYPASHIELD W95+ REUSABLE COLOUR MASK",Blue,26.0000,
12366875,"WILDCRAFT HYPASHIELD W95+ REUSABLE COLOUR MASK",Grey,24.0000,
12366875,"WILDCRAFT HYPASHIELD W95+ REUSABLE COLOUR MASK","Camo Green",38.0000,
12552119,"Vega Cruiser With Peak Open Face Helmet",,0.0000,
126224994,"SMK Twister Skull Black Yellow/Green Full Face Helmet MA240",Small,0.0000,
126224994,"SMK Twister Skull Black Yellow/Green Full Face Helmet MA240",Medium,0.0000,
126224994,"SMK Twister Skull Black Yellow/Green Full Face Helmet MA240",Large,1.0000,
12655749,"Helmet Part Vega Cliff  Mirror Visor",,4.0000,
12680992,"Noise Play 2 Action Camera Black",,0.0000,
128233413,"SMK Twister Zest Matt Blue Yellow Full Face Helmet MA254",,0.0000,
134547355,"SMK Force Eagle Matt Black Grey Full Face Helmet MA261",Small,0.0000,
134547355,"SMK Force Eagle Matt Black Grey Full Face Helmet MA261",Medium,1.0000,
135505670,"SMK Stellar Full Face Helmet Unicolour Matt Black MA200",Small,0.0000,
135505670,"SMK Stellar Full Face Helmet Unicolour Matt Black MA200",Medium,0.0000,
135505670,"SMK Stellar Full Face Helmet Unicolour Matt Black MA200",Large,0.0000,
13838338,"HJC DS-X1 MC5SF Full Face Helmet M",,0.0000,
138796586,"Studds Marshall Tricolour Open Face Helmet",,0.0000,
13922497,"Helmet Part SMK Stellar Visor Mirror",,4.0000,
14106638,"SMK Twister Cartoon Green Full Face Helmet MA241",Large,0.0000,
14106638,"SMK Twister Cartoon Green Full Face Helmet MA241",S,0.0000,
14106638,"SMK Twister Cartoon Green Full Face Helmet MA241",M,0.0000,
14106638,"SMK Twister Cartoon Green Full Face Helmet MA241",XL,0.0000,
14156049,"Helmet Part Studds Thunder Clear Visor",,3.0000,
142460743,"Studds Chrome Eco Black Full Face Helmet",,5.0000,
14679978,"MotoTech Rain Trousers",XL-3XL,1.0000,
14679978,"MotoTech Rain Trousers",4XL-5XL,2.0000,
14697540,"Studds Shifter Orange Decor Full Face Helmet",,0.0000,
14821083,"Axxis Draken Nahesa A2 Gloss Grey Full Face Helmet",S,0.0000,
14821083,"Axxis Draken Nahesa A2 Gloss Grey Full Face Helmet",M,0.0000,
14821083,"Axxis Draken Nahesa A2 Gloss Grey Full Face Helmet",L,0.0000,
14821083,"Axxis Draken Nahesa A2 Gloss Grey Full Face Helmet",XL,0.0000,
14833973,"MotoTech Riding Pants TourPro Level 2",Small,0.0000,
14833973,"MotoTech Riding Pants TourPro Level 2",Medium,0.0000,
14833973,"MotoTech Riding Pants TourPro Level 2",Large,0.0000,
14833973,"MotoTech Riding Pants TourPro Level 2",XL,1.0000,
14833973,"MotoTech Riding Pants TourPro Level 2",2XL,1.0000,
15565264,"Studds Thunder D1 Black Red Full Face Helmet",,0.0000,
15696556,"Rynox Riding Jacket Stealth Evo V3 Grey",Small,0.0000,
15696556,"Rynox Riding Jacket Stealth Evo V3 Grey",Medium,2.0000,
15696556,"Rynox Riding Jacket Stealth Evo V3 Grey",Large,0.0000,
15696556,"Rynox Riding Jacket Stealth Evo V3 Grey",XL,0.0000,
15696556,"Rynox Riding Jacket Stealth Evo V3 Grey",2XL,1.0000,
15696556,"Rynox Riding Jacket Stealth Evo V3 Grey",3XL,1.0000,
157117608,"MotoTech Bungee Net",,1.0000,
15781438,"Motul Helmet & Visor Cleaner",,8.0000,
158722698,"Lifestraw Water Bottle",,1.0000,
15887203,"Steelbird IGN1 FlipUp Faceshield",,12.0000,
16245102,"Studds Premium Vent Full Face Helmet",,3.0000,
16517102,"Axor Rage Ecco Matt Grey Full Face Helmet",S,0.0000,
16517102,"Axor Rage Ecco Matt Grey Full Face Helmet",M,0.0000,
16517102,"Axor Rage Ecco Matt Grey Full Face Helmet",L,0.0000,
16517102,"Axor Rage Ecco Matt Grey Full Face Helmet",XL,0.0000,
166262239,"Studds Ninja 3G DV Black Full Face Helmet",,0.0000,
16737317,"Basic Action Camera",,2.0000,
16749752,"Fingy Helmet Wiper",,208.0000,
16817222,"Maisto Scale Model Motorcycle 1:12 Royal Enfield",Black,0.0000,
16817222,"Maisto Scale Model Motorcycle 1:12 Royal Enfield","Desert Storm",0.0000,
168455659,"Motul Chain Cleaner C1 Small",,-1.0000,
16885666,"SSPEC Full Gloves",,6.0000,
16891806,"Rynox Powertechtor Knee/Elbow Hex Protector L2",,0.0000,
169609611,"SMK Twister Zest Matt Orange Full Face Helmet MA271",M,1.0000,
169609611,"SMK Twister Zest Matt Orange Full Face Helmet MA271",L,0.0000,
169609611,"SMK Twister Zest Matt Orange Full Face Helmet MA271",XL,0.0000,
171312522,"SafeTech MotoTech Armout Insert Back",,0.0000,
171815151,"SMK Force Unicolour Matt Black Green Full Face Helmet MA240",,0.0000,
172469393,"SMK Stellar Dynamo Matt Black Blue MA254",Small,0.0000,
172469393,"SMK Stellar Dynamo Matt Black Blue MA254",Medium,0.0000,
172469393,"SMK Stellar Dynamo Matt Black Blue MA254",Large,0.0000,
172469393,"SMK Stellar Dynamo Matt Black Blue MA254",XL,1.0000,
17468992,"Studds Thunder D5 Grey Full Face Helmet",,0.0000,
17546782,"Door Clip Mount for GoPro Hero 3+",,4.0000,
17548599,"Chest Mount for Action Camera",,1.0000,
17579119,"Studds Dame Open Face Helmet",,2.0000,
178476290,"Vega Crux Full Face Helmet",,4.0000,
18456477,"Ergo Jetstar Open Face Helmet",,1.0000,
18462902,"Studds Thunder Plain Glossy Black With Mirror Visor",,0.0000,
18635978,"SMK Glide Kyren Grey Green Full Face Helmet MA268",S,0.0000,
18635978,"SMK Glide Kyren Grey Green Full Face Helmet MA268",M,0.0000,
18635978,"SMK Glide Kyren Grey Green Full Face Helmet MA268",L,0.0000,
18635978,"SMK Glide Kyren Grey Green Full Face Helmet MA268",XL,0.0000,
18635978,"SMK Glide Kyren Grey Green Full Face Helmet MA268",2XL,0.0000,
18747958,"HJC CL17 FUll Face Helmet Arica MC4SF",,-1.0000,
18874645,"Rynox Grab Waterproof Tailbag",,4.0000,
18907254,"Rynox Expedition Saddle Bag",,6.0000,
19169855,"EJEAS E6 Bluetooth Intercom Headset",,0.0000,
19225120,"Axxis Draken Forza A5 Gloss Red Full Face Helmet",S,0.0000,
19225120,"Axxis Draken Forza A5 Gloss Red Full Face Helmet",M,1.0000,
19225120,"Axxis Draken Forza A5 Gloss Red Full Face Helmet",L,1.0000,
19225120,"Axxis Draken Forza A5 Gloss Red Full Face Helmet",XL,0.0000,
193300577,"SMK Glide Unicolour White Full Face Helmet GL100",Medium,0.0000,
193300577,"SMK Glide Unicolour White Full Face Helmet GL100",Large,1.0000,
194147734,"Vega Cliff DX Full Face Helmet",,0.0000,
19598798,"Mototech Boot Covers",M,2.0000,
19598798,"Mototech Boot Covers",L,0.0000,
19598798,"Mototech Boot Covers",XL,0.0000,
19598798,"Mototech Boot Covers",2XL,0.0000,
19664920,"Axor Street Wacky Dull Black Red Full Face Helmet",S,0.0000,
19664920,"Axor Street Wacky Dull Black Red Full Face Helmet",M,0.0000,
19664920,"Axor Street Wacky Dull Black Red Full Face Helmet",L,0.0000,
19664920,"Axor Street Wacky Dull Black Red Full Face Helmet",XL,0.0000,
196940535,"Studds Professional Black with Black Strips Full Face Helmet",,1.0000,
20361886,"Safety Hand Gloves",Black,33.0000,
20361886,"Safety Hand Gloves",White,9.0000,
20415933,"THH Full Face Helmet T76 LED Plain Matt Black",M,0.0000,
20415933,"THH Full Face Helmet T76 LED Plain Matt Black",L,1.0000,
206175848,"Rynox Waistpack Aquapouch",,1.0000,
20960287,"Action Cam 12 in 1 Accessory Set",,1.0000,
21095532,"Axor Apex Venomous Gloss Black Blue Full Face Helmet",S,0.0000,
21095532,"Axor Apex Venomous Gloss Black Blue Full Face Helmet",M,0.0000,
21095532,"Axor Apex Venomous Gloss Black Blue Full Face Helmet",L,1.0000,
21095532,"Axor Apex Venomous Gloss Black Blue Full Face Helmet",XL,0.0000,
212372258,"Manas Royal Enfield Waterbag",,0.0000,
217592087,"SMK Force Black Full Face Helmet GL200",,0.0000,
22046820,"Studds Ninja Elite Graphics Full Face Helmet",,2.0000,
22611376,"Rynox Gloves Scout Brown",S,0.0000,
22611376,"Rynox Gloves Scout Brown",M,1.0000,
22611376,"Rynox Gloves Scout Brown",L,0.0000,
22611376,"Rynox Gloves Scout Brown",XL,0.0000,
22611376,"Rynox Gloves Scout Brown",2XL,1.0000,
226832956,"SMK Force Boost Blue Full Face Helmet GL215",Small,0.0000,
226832956,"SMK Force Boost Blue Full Face Helmet GL215",Medium,1.0000,
226832956,"SMK Force Boost Blue Full Face Helmet GL215",Large,0.0000,
22714141,"Connector Mount for Action Camera",,11.0000,
22909709,"HJC FG17 Toba MC1 Full Face Helmet",S,0.0000,
22909709,"HJC FG17 Toba MC1 Full Face Helmet",M,1.0000,
22909709,"HJC FG17 Toba MC1 Full Face Helmet",L,0.0000,
22909709,"HJC FG17 Toba MC1 Full Face Helmet",XL,0.0000,
23288135,"Vega Helmet Skull Cap",,44.0000,
23459591,"HJC CS15 Full Face Helmet Songtan MC4HSF Medium",,0.0000,
23630874,"MotoTech TourPro Riding Jacket",Small,0.0000,
23630874,"MotoTech TourPro Riding Jacket",Medium,1.0000,
23630874,"MotoTech TourPro Riding Jacket",Large,1.0000,
23630874,"MotoTech TourPro Riding Jacket",XL,0.0000,
23630874,"MotoTech TourPro Riding Jacket",2XL,0.0000,
23736191,"RE Gloves",,2.0000,
238731633,"Studds Shifter Plain Full Face Helmet",,1.0000,
243247463,"Coleman Bungee Chord",,-2.0000,
24413888,"Helmet Part HJC Skipfog Antifog Lens CS15/CL17/ISMax2/TR1",,0.0000,
24755880,"SMK Stellar Swank Matt Anthracite Orange MADA672",Small,0.0000,
24755880,"SMK Stellar Swank Matt Anthracite Orange MADA672",Medium,0.0000,
24755880,"SMK Stellar Swank Matt Anthracite Orange MADA672",Large,0.0000,
24755880,"SMK Stellar Swank Matt Anthracite Orange MADA672",XL,0.0000,
24899275,"Rynox Tornado Pro Riding Jacket Version 3 Blue",S,0.0000,
24899275,"Rynox Tornado Pro Riding Jacket Version 3 Blue",M,0.0000,
24899275,"Rynox Tornado Pro Riding Jacket Version 3 Blue",L,0.0000,
24899275,"Rynox Tornado Pro Riding Jacket Version 3 Blue",XL,0.0000,
24899275,"Rynox Tornado Pro Riding Jacket Version 3 Blue",2XL,0.0000,
25251076,"Axor Apex Crypto Dull/Matt Grey Full Face Helmet",,0.0000,
252857972,"Wildcraft Hydrator Hydration Backpack 2L",,2.0000,
253663760,"SMK Force Anthracite Full Face Helmet GLDA600",Small,0.0000,
253663760,"SMK Force Anthracite Full Face Helmet GLDA600",Medium,1.0000,
25387284,"Axxis Draken Forza C3 Gloss Fluro Yellow Full Face Helmet",M,1.0000,
25387284,"Axxis Draken Forza C3 Gloss Fluro Yellow Full Face Helmet",L,1.0000,
25933956,"Rynox Urban X Grey Riding Jacket",S,0.0000,
25933956,"Rynox Urban X Grey Riding Jacket",M,0.0000,
25933956,"Rynox Urban X Grey Riding Jacket",L,0.0000,
25933956,"Rynox Urban X Grey Riding Jacket",XL,1.0000,
25933956,"Rynox Urban X Grey Riding Jacket",2XL,0.0000,
25933956,"Rynox Urban X Grey Riding Jacket",3XL,0.0000,
25958851,"Studds Thunder Matt Gun Grey Full Face Helmet",,0.0000,
26442339,"Rynox Riding Jacket Helium Red",L,0.0000,
26442339,"Rynox Riding Jacket Helium Red",XL,1.0000,
26442339,"Rynox Riding Jacket Helium Red",2XL,0.0000,
26442339,"Rynox Riding Jacket Helium Red",M,0.0000,
26517059,"Helmet part Studds Ninja Full Face/Open Face Clear Visor",,2.0000,
268130728,"Studds Biking Goggle",,0.0000,
268616573,"SMK Twister Logo Yellow Full Face Helmet MA241",S,0.0000,
268616573,"SMK Twister Logo Yellow Full Face Helmet MA241",M,1.0000,
27073527,"Helmet Part Axor Clear Visor with Antifog",,1.0000,
27273556,"Steelbird SB17 Faceshield",,0.0000,
27485971,"Maxima Chain Wax Chain Lube",218ml,0.0000,
27485971,"Maxima Chain Wax Chain Lube",535ml,3.0000,
27501038,"HJC CL17 Full Face Helmet Void MC3HF Green Large",,0.0000,
27523801,"Helmet Part HJC Clear Visor IS-17 / FG-17 / FG-ST (HJ-20M)",,1.0000,
27934016,"SMK Twister Twilight Black White Yellow GL241 Full Face Helmet",L,1.0000,
27934016,"SMK Twister Twilight Black White Yellow GL241 Full Face Helmet",XL,0.0000,
27934016,"SMK Twister Twilight Black White Yellow GL241 Full Face Helmet",S,0.0000,
27934016,"SMK Twister Twilight Black White Yellow GL241 Full Face Helmet",M,0.0000,
27942243,"MOTO HID Xenon",,1.0000,
279548837,"THH GP Green TS43 Full Face Helmet",,1.0000,
28087869,"Steelbird Air Dashing Full Face Helmet",,0.0000,
28265274,"Xenon HID",,1.0000,
283410045,"SMK Force Steel Unicolour White Full Face Helmet STGL100",,0.0000,
28608401,"Rynox Air GT Gloves Grey Hi-Viz Green",S,0.0000,
28608401,"Rynox Air GT Gloves Grey Hi-Viz Green",M,1.0000,
28608401,"Rynox Air GT Gloves Grey Hi-Viz Green",L,0.0000,
28608401,"Rynox Air GT Gloves Grey Hi-Viz Green",XL,1.0000,
28608401,"Rynox Air GT Gloves Grey Hi-Viz Green",2XL,1.0000,
28762104,"Studds Thunder D2 Graphics Full Face Helmet","Black Red",0.0000,
28762104,"Studds Thunder D2 Graphics Full Face Helmet","Black Blue",0.0000,
28959597,"Helmet Part SMK Twister/Glide Visor Mirror",,0.0000,
29180317,"KH Full Gloves",,8.0000,
29202450,"HJC CS15 MC4H Full Face Helmet Toni Elias Large",,0.0000,
29350375,"2x Flat and 2x Curved Mount with Base Adhesive Tape",,8.0000,
296180823,"Roadgods R2  MagneticTankbag",,0.0000,
29848033,"Steelbird Rox Black Full Face Helmet",,0.0000,
29850476,"Studds Nano Open Face Helmet",,1.0000,
30096065,"Helmet Part Steelbird Adonis Smoke Visor",,2.0000,
30291144,"SMK Force Boost Black White Full Face Helmet GL216",Small,0.0000,
30291144,"SMK Force Boost Black White Full Face Helmet GL216",Medium,1.0000,
30291144,"SMK Force Boost Black White Full Face Helmet GL216",Large,0.0000,
30291144,"SMK Force Boost Black White Full Face Helmet GL216",XL,1.0000,
30305344,"MotoTech Scrambler Air Riding Jacket Red",Small,0.0000,
30305344,"MotoTech Scrambler Air Riding Jacket Red",Medium,0.0000,
30305344,"MotoTech Scrambler Air Riding Jacket Red",Large,1.0000,
30305344,"MotoTech Scrambler Air Riding Jacket Red",XL,0.0000,
30305344,"MotoTech Scrambler Air Riding Jacket Red",2XL,0.0000,
30510000,"HJC CS15 Full Face Helmet Sebka MC4H Medium",,0.0000,
30521212,"Vega Cruiser Open Face Helmet Red",,0.0000,
30522786,"HJC FG-ST Kume MC4HSF Full Face Helmet",S,0.0000,
30522786,"HJC FG-ST Kume MC4HSF Full Face Helmet",M,0.0000,
30522786,"HJC FG-ST Kume MC4HSF Full Face Helmet",L,0.0000,
30522786,"HJC FG-ST Kume MC4HSF Full Face Helmet",XL,0.0000,
30875802,"THH Full Face Helmet TX13 Offroad Helmet","Velocity Black Orange (Glossy)",2.0000,
30875802,"THH Full Face Helmet TX13 Offroad Helmet","Velocity Black Orange (Matt)",0.0000,
310880028,"SMK Twister Skull Black Orange Full Face Helmet MA270",Small,0.0000,
310880028,"SMK Twister Skull Black Orange Full Face Helmet MA270",Large,1.0000,
31178599,"DM 3 Ply Mask",DM1,45.0000,
31178599,"DM 3 Ply Mask",DM2,47.0000,
31178599,"DM 3 Ply Mask",RGB,43.0000,
31178599,"DM 3 Ply Mask",Elements,47.0000,
31207428,"Rynox Riding Jacket Air GT V3.0  Grey Hi-Viz Green",S,0.0000,
31207428,"Rynox Riding Jacket Air GT V3.0  Grey Hi-Viz Green",M,1.0000,
31207428,"Rynox Riding Jacket Air GT V3.0  Grey Hi-Viz Green",L,0.0000,
31207428,"Rynox Riding Jacket Air GT V3.0  Grey Hi-Viz Green",XL,1.0000,
31207428,"Rynox Riding Jacket Air GT V3.0  Grey Hi-Viz Green",2XL,1.0000,
31246737,"Rynox Air GT Gloves Black",S,0.0000,
31246737,"Rynox Air GT Gloves Black",M,2.0000,
31246737,"Rynox Air GT Gloves Black",L,2.0000,
31246737,"Rynox Air GT Gloves Black",XL,2.0000,
31246737,"Rynox Air GT Gloves Black",2XL,1.0000,
31361986,"Biking Goggle",,3.0000,
31422906,"Protective Goggles (Covid-19)",,10.0000,
31498808,"Axor Rage War Dull/Matt Black Silver Full Face Helmet",S,-1.0000,
31498808,"Axor Rage War Dull/Matt Black Silver Full Face Helmet",M,1.0000,
31498808,"Axor Rage War Dull/Matt Black Silver Full Face Helmet",L,0.0000,
31498808,"Axor Rage War Dull/Matt Black Silver Full Face Helmet",XL,0.0000,
31722075,"Retrocross Frame Sliders KTM Duke",Black,1.0000,
31722075,"Retrocross Frame Sliders KTM Duke",Orange,1.0000,
32027001,"Helmet Part Vega Evo/Ryker Clear Visor",,1.0000,
32191648,"Cramster Blaster V2 Gloves M",,0.0000,
32495969,"Vega Eclipse Matt Black Open Face Helmet",,0.0000,
32512340,"Steelbird Wiz Dashing Full Face Helmet",,1.0000,
32526421,"Jaw Flex Mount",,2.0000,
325394467,"Steelbird SBA1 Dunkin Graphics Full Face Helmet",,0.0000,
32596360,"Rynox Riding Pants Storm Evo OffWhite",Small,0.0000,
32596360,"Rynox Riding Pants Storm Evo OffWhite",Medium,0.0000,
32596360,"Rynox Riding Pants Storm Evo OffWhite",Large,1.0000,
32596360,"Rynox Riding Pants Storm Evo OffWhite",XL,0.0000,
32596360,"Rynox Riding Pants Storm Evo OffWhite",2XL,0.0000,
32722737,"Steelbird Air Dashing Black HF Full Face Helmet with Handsfree",,1.0000,
32895823,"Studds Thunder Plain Red Full Face Helmet",,0.0000,
334057598,"SMK Stellar Trek Black Grey Fluoroscent Yellow MA264",Small,0.0000,
334057598,"SMK Stellar Trek Black Grey Fluoroscent Yellow MA264",Medium,0.0000,
334057598,"SMK Stellar Trek Black Grey Fluoroscent Yellow MA264",Large,0.0000,
334057598,"SMK Stellar Trek Black Grey Fluoroscent Yellow MA264",XL,1.0000,
33755918,"Retrocross Benelli 300/600 Frame Sliders",,3.0000,
33799894,"Helmet Part Vega Jet Visor",Smoke,1.0000,
33799894,"Helmet Part Vega Jet Visor",Mirror,1.0000,
33799894,"Helmet Part Vega Jet Visor",Rainbow,1.0000,
33932510,"Axxis Draken Viperfish C0 Glossy Fluro Yellow Full Face Helmet",S,0.0000,
33932510,"Axxis Draken Viperfish C0 Glossy Fluro Yellow Full Face Helmet",M,1.0000,
33932510,"Axxis Draken Viperfish C0 Glossy Fluro Yellow Full Face Helmet",L,1.0000,
33932510,"Axxis Draken Viperfish C0 Glossy Fluro Yellow Full Face Helmet",XL,1.0000,
339637100,"SMK Stellar Rainstar Black Red MADA623",Small,0.0000,
339637100,"SMK Stellar Rainstar Black Red MADA623",Medium,1.0000,
341218410,"THH TS81 Blue Red Matt Full Face Helmet",,1.0000,
34196428,"Rynox Magnapod Tankbag",,2.0000,
343725608,"Studds Scorpion Plain Matt Black Full Face Helmet",,0.0000,
344162115,"Studds Jetstar Captain America Open Face Helmet",,0.0000,
34428720,"RAM Mount B 149Z UN7U X-Grip Standard (Upto 5 Inches)",,2.0000,
34464705,"Helmet Part Studds Shifter Smoke Visor",,0.0000,
345448060,"SMK Stellar Unicolour Full Face Helmet Glossy Black GL200",Small,0.0000,
345448060,"SMK Stellar Unicolour Full Face Helmet Glossy Black GL200",Medium,0.0000,
345448060,"SMK Stellar Unicolour Full Face Helmet Glossy Black GL200",Large,0.0000,
345448060,"SMK Stellar Unicolour Full Face Helmet Glossy Black GL200",XL,1.0000,
345448060,"SMK Stellar Unicolour Full Face Helmet Glossy Black GL200",2XL,0.0000,
34744844,"HJC CS15 MC4H Full Face Helmet Toni Elias Medium",,0.0000,
34928021,"Axo Knee Set",,7.0000,
349914653,"SMK Force Steel Seventy White Red Full Face Helmet STGL123",,0.0000,
350369269,"SMK Twister Blade Matt Black Red Full Face Helmet MA236",,0.0000,
350398954,"SMK Glide Flash Vision Full Face Helmet HV420",Small,-1.0000,
350398954,"SMK Glide Flash Vision Full Face Helmet HV420",Medium,0.0000,
35396752,"SMK Hybrid Evo Matt Black Full Face Helmet",,0.0000,
35491827,"HJC CS15 Full Face Helmet Kane MC4 Medium",,1.0000,
35501711,"HJC Spare Skipfog Max Vision Clear Anti Fog Lens for RPHA 11",,0.0000,
35504460,"HJC CS15 Full  Face Helmet Rafu MC1 Medium",,0.0000,
35595087,"Helmet Part SMK Twister/Glide Visor Clear Pinlock 30",,6.0000,
35643906,"Helmet Part Antifog Lens Pinlock 30",,2.0000,
35813550,"Studds Shifter Yellow Decor Full Face Helmet",,0.0000,
35893726,"Helmet Part Vega Lark Smoke Visor",,1.0000,
35905682,"HJC Spare Visor for IS-17 / FG-17 / FG-ST (HJ-20M)",,-1.0000,
359079146,"SMK Twister Blade Matt Black Blue Full Face Helmet MA256",,0.0000,
359133512,"Rynox Tailbag Expedition Trail Bag 37ltrs",,0.0000,
35977913,"THH Full Face Helmet T76 LED Graphics Black Red Cobra",M,0.0000,
35977913,"THH Full Face Helmet T76 LED Graphics Black Red Cobra",L,1.0000,
360751981,"SMK Force Mirror Visor",,0.0000,
36544891,"HJC CL17 Full Face Helmet Void MC5F Camo Medium",,0.0000,
365828927,"Studds Ninja 2G Matt Black Full Face Helmet",,0.0000,
36609510,"Tankpad TP4",,2.0000,
36872505,"Helmet Part Steelbird Adonis Mirror Visor",,1.0000,
37429207,"X Charger Mobile Holder",,10.0000,
37595499,"Retrocross Fork Sliders",KTM,1.0000,
376623948,"SMK Twister Captain Grey Full Face Helmet MA266",Small,0.0000,
376623948,"SMK Twister Captain Grey Full Face Helmet MA266",Medium,0.0000,
376623948,"SMK Twister Captain Grey Full Face Helmet MA266",Large,0.0000,
376623948,"SMK Twister Captain Grey Full Face Helmet MA266",XL,0.0000,
37690786,"Studds Marshall Plain White Open Face Helmet",,2.0000,
37701340,"RTD LED",,1.0000,
37976291,"Helmet Part Studds Dame Clear Visor",,0.0000,
38128181,"Steelbird Adonis Trooper Full Face Helmet",,0.0000,
38388176,"Helmet Part SMK Force Visor Mirror",,5.0000,
38512025,"Studds Thunder D3 Black Red 93 Full Face Helmet",,1.0000,
38756001,"Axor Apex Shark Glossy Grey Full Face Helmet",L,1.0000,
38761926,"Foldable Levers",,1.0000,
38790504,"Axor Apex Crypto Dull Black Orange Full Face Helmet",,0.0000,
38802795,Wirelock,,-95.0000,
388088369,"SMK Force Eagle Matt Black Red Full Face Helmet MA235",Small,0.0000,
388088369,"SMK Force Eagle Matt Black Red Full Face Helmet MA235",Large,0.0000,
38855586,"Studds Thunder D3 Black Orange 93 Full Face Helmet",,1.0000,
38858436,"HJC FG17 Full Face Helmet Ohama MC1",,0.0000,
38958216,"Double Side Tape Pair for Action Camera Mount",,48.0000,
39053763,"Vega Buds Full Face Helmet",,2.0000,
39139150,"Vega Offroad SV Graphics Full Face Helmet",,0.0000,
395449530,"SMK Twister Logo Black White Full Face Helmet MA261",Small,0.0000,
395449530,"SMK Twister Logo Black White Full Face Helmet MA261",Medium,0.0000,
395449530,"SMK Twister Logo Black White Full Face Helmet MA261",Large,1.0000,
395449530,"SMK Twister Logo Black White Full Face Helmet MA261",XL,0.0000,
39697271,"X Type Holder",,0.0000,
39935501,"THH Full Face Helmet T76 LED Graphics Black Hi Viz Yellow Cobra",M,1.0000,
39935501,"THH Full Face Helmet T76 LED Graphics Black Hi Viz Yellow Cobra",L,1.0000,
40036577,"Helmet Part Studds Ninja 3G/Scorpion Clear Visor",,4.0000,
401133181,"SMK Stellar Rainstar Black White Red MA213",Small,0.0000,
401133181,"SMK Stellar Rainstar Black White Red MA213",Medium,2.0000,
401446287,"SMK Twister Unicolour Anthracite Full Face Helmet GLDA600",Large,0.0000,
401446287,"SMK Twister Unicolour Anthracite Full Face Helmet GLDA600",XL,0.0000,
40352793,"Helmet Part SMK Force Visor Metal Fitment Screw",,0.0000,
40413951,"Cramster Gloves Raven XL",,0.0000,
405303819,"Rynox Tank/Tail Bag Suction Optimus-S",,0.0000,
40862830,"HJC FG-ST  Full Face Helmet Kume MC7SF Large",,1.0000,
408706545,"MotoTech Hexapod Bungee",,13.0000,
41196834,"Rynox Riding Jacket Air GT v2.0 Level 2 Black White",Small,0.0000,
41196834,"Rynox Riding Jacket Air GT v2.0 Level 2 Black White",Medium,0.0000,
41196834,"Rynox Riding Jacket Air GT v2.0 Level 2 Black White",Large,0.0000,
41196834,"Rynox Riding Jacket Air GT v2.0 Level 2 Black White",XL,0.0000,
41196834,"Rynox Riding Jacket Air GT v2.0 Level 2 Black White",2XL,0.0000,
41196834,"Rynox Riding Jacket Air GT v2.0 Level 2 Black White",3XL,0.0000,
41196834,"Rynox Riding Jacket Air GT v2.0 Level 2 Black White",5XL,0.0000,
41344042,"Axor Apex Turbine Matt Black Orange Full Face Helmet",S,0.0000,
41344042,"Axor Apex Turbine Matt Black Orange Full Face Helmet",M,0.0000,
41344042,"Axor Apex Turbine Matt Black Orange Full Face Helmet",L,0.0000,
41344042,"Axor Apex Turbine Matt Black Orange Full Face Helmet",XL,0.0000,
416452052,"MotoCom Bluetooth Set",,3.0000,
41807983,"Studds Chrome Elite Black Full Face Helmet Small 540",,2.0000,
42218055,"Axxis Draken Gear A4 Gloss Fluro Orange Full Face Helmet",S,0.0000,
42218055,"Axxis Draken Gear A4 Gloss Fluro Orange Full Face Helmet",M,0.0000,
42218055,"Axxis Draken Gear A4 Gloss Fluro Orange Full Face Helmet",L,0.0000,
42218055,"Axxis Draken Gear A4 Gloss Fluro Orange Full Face Helmet",XL,0.0000,
42339511,"Maddog Performance Headlight FR60",,-1.0000,
424273259,"SMK Twister Attack Blue Full Face Helmet MA256",Small,0.0000,
424273259,"SMK Twister Attack Blue Full Face Helmet MA256",Medium,0.0000,
424273259,"SMK Twister Attack Blue Full Face Helmet MA256",Large,0.0000,
42666031,"Studds Thunder D3 White Red 93 Full Face Helmet",,0.0000,
42735012,"Helmet Part MX9 Visor Clear",,4.0000,
428205333,"Vega Boolean Matt Black Full Face Helmet",,0.0000,
42872670,"Maisto Scale Model Motorcycle 1:12","BMW R1200 GS Red",1.0000,
42872670,"Maisto Scale Model Motorcycle 1:12","BMW S1000 RR White Blue",0.0000,
42872670,"Maisto Scale Model Motorcycle 1:12","Ducati 1199 Panigale Red",0.0000,
42872670,"Maisto Scale Model Motorcycle 1:12","Ducati Monster 696 Red",0.0000,
42872670,"Maisto Scale Model Motorcycle 1:12","Ducati Diavel Carbon",0.0000,
42872670,"Maisto Scale Model Motorcycle 1:12","Kawasaki Ninja ZX10R Green",0.0000,
42872670,"Maisto Scale Model Motorcycle 1:12","KTM 1290 Super Duke Black Orange",0.0000,
42872670,"Maisto Scale Model Motorcycle 1:12","KTM 690 Duke Orange",2.0000,
42872670,"Maisto Scale Model Motorcycle 1:12","Harley Street 750 Black",0.0000,
42980347,"SMK Glide Kyren Full Face Helmet MA264",Large,0.0000,
42980347,"SMK Glide Kyren Full Face Helmet MA264",2XL,0.0000,
42980347,"SMK Glide Kyren Full Face Helmet MA264",XL,0.0000,
42980347,"SMK Glide Kyren Full Face Helmet MA264",M,0.0000,
431548540,"SMK Stellar Dynamo Matt Black White MA216",S,1.0000,
431548540,"SMK Stellar Dynamo Matt Black White MA216",L,0.0000,
43355346,"Steelbird Aeronotics Plain Full Face Helmet",,0.0000,
43481678,"SMK Twister Cartoon Orange Full Face Helmet MA271",Small,0.0000,
43481678,"SMK Twister Cartoon Orange Full Face Helmet MA271",Large,0.0000,
43643522,"Studds Thunder Plain White Full Face Helmet",,0.0000,
43974251,"Cramster TRG2 Gloves Orange",S,1.0000,
43974251,"Cramster TRG2 Gloves Orange",M,0.0000,
43974251,"Cramster TRG2 Gloves Orange",L,0.0000,
43974251,"Cramster TRG2 Gloves Orange",XL,0.0000,
43974251,"Cramster TRG2 Gloves Orange",2XL,0.0000,
44152855,"Cramster Gloves Flux L",,0.0000,
442257922,"100Kmph T-Shirt",,0.0000,
44526313,"Retrocross Universal Paddock Stand",,1.0000,
449987324,"100Kmph Keychain",,-33.0000,
45216999,"THH Open Face Helmet T383","Germany Flag",3.0000,
45216999,"THH Open Face Helmet T383","Italy Flag",1.0000,
45216999,"THH Open Face Helmet T383","Captain America",4.0000,
453249837,"Rynox Saddle Bag DryStack",,1.0000,
45389852,"Tankpad TP2",,3.0000,
45432041,"Helmet Part Vega Cara Clear Visor",,2.0000,
45613619,"KnN Air Filter BA2201",,1.0000,
45729306,"Retrocross Frame Sliders KTM RC",,0.0000,
45988261,"Studds Thunder D4 Black White Full Face Helmet",,0.0000,
461363701,"SMK Twister Blade Matt Black Orange Full Face Helmet MA276",,0.0000,
46231858,"Axxis Draken Nahesa A6Gloss Green Full Face Helmet",S,1.0000,
46231858,"Axxis Draken Nahesa A6Gloss Green Full Face Helmet",M,1.0000,
46231858,"Axxis Draken Nahesa A6Gloss Green Full Face Helmet",L,2.0000,
46231858,"Axxis Draken Nahesa A6Gloss Green Full Face Helmet",XL,0.0000,
46301795,"Rynox Shark Mobile Mount",,0.0000,
46381731,"Helmet Part Steelbird Adonis Clear Visor",,4.0000,
46464126,"Helmet Part Vega Crux Mirror Visor",,3.0000,
465112063,"MotoTech Balaclava",,0.0000,
46514922,"Vega Ridge Open Face Helmet",,0.0000,
46655437,"Quipco Hi Viz Straps",,3.0000,
47308169,"Studds Chrome Graphics Full Face Helmet",,3.0000,
47465769,"Steelbird Adonis Majestic Full Face Helmet",,0.0000,
47501067,"Duca Waistpouch",,1.0000,
47552727,"Protective Face Shield (Covid-19)",,50.0000,
476616341,"Roadgods Ghost Daring Texture Backpack",,1.0000,
477363830,"Roadgods X1 Saddlebag 75Ltr",,0.0000,
47843749,"Vega Jet Open Face Helmet Plain",,0.0000,
47971004,"BluSnap Helmet Cooler",,0.0000,
480099979,"Studds Downtown Silver Grey D3N2 Open Face Helmet",,0.0000,
48252351,"Rynox Riding Jacket Tornado Pro Level 2 Black Green",Small,0.0000,
48252351,"Rynox Riding Jacket Tornado Pro Level 2 Black Green",Medium,0.0000,
48252351,"Rynox Riding Jacket Tornado Pro Level 2 Black Green",Large,0.0000,
48252351,"Rynox Riding Jacket Tornado Pro Level 2 Black Green",XL,0.0000,
48252351,"Rynox Riding Jacket Tornado Pro Level 2 Black Green",2XL,0.0000,
48252351,"Rynox Riding Jacket Tornado Pro Level 2 Black Green",3XL,0.0000,
48292796,"Mavox Full Face Helmet Honcho Graphics Glow",,1.0000,
485020449,"SMK Twister Logo Blue Full Face Helmet MA251",Small,0.0000,
485020449,"SMK Twister Logo Blue Full Face Helmet MA251",Large,1.0000,
485020449,"SMK Twister Logo Blue Full Face Helmet MA251",XL,0.0000,
49141163,"MotoTech Riding Boots Long UK8.5",,1.0000,
49362779,"Steelbird SBA2 Faceshield",,0.0000,
49524379,"Studds Thunder D5 Yellow Full Face Helmet",,1.0000,
49564029,"Quick Attach Clip Mount For Action Camera",,5.0000,
498002570,"Axor Stealth Black Orange Matt Full Face Helmet",,0.0000,
498351816,"SMK Twister Skull White Black Full Face Helmet GL120",,0.0000,
499134774,"Motul Chain Lube C2 Large",,2.0000,
50167252,"Ladakh Flag",,3.0000,
50440265,"Tankpad TP1",,3.0000,
504892120,"SMK Stellar Trek Black Fluoroscent Yellow MA243",Small,0.0000,
504892120,"SMK Stellar Trek Black Fluoroscent Yellow MA243",Large,1.0000,
504892120,"SMK Stellar Trek Black Fluoroscent Yellow MA243",XS,1.0000,
50733738,"Studds Scorpion Graphics Matt Blue Full Face Helmet",,0.0000,
50786028,"Axor Apex Turbine Gloss Black Blue Full Face Helmet",S,0.0000,
50786028,"Axor Apex Turbine Gloss Black Blue Full Face Helmet",M,0.0000,
50786028,"Axor Apex Turbine Gloss Black Blue Full Face Helmet",L,0.0000,
50786028,"Axor Apex Turbine Gloss Black Blue Full Face Helmet",XL,0.0000,
50816190,"Action Camera Screw",,18.0000,
51171981,"Helmet Part SMK Force Visor Clear",,6.0000,
52064908,"HJC CS15 Full Face Helmet Sebka MC2",,0.0000,
522627900,"Roadgods Rudra Backpack",,3.0000,
52413839,"Helmet Part HJC Smoke Visor IS-17 / FG-17 / FG-ST (HJ-20M)",,1.0000,
52416107,"HJC CS15 Full Face Helmet Trion MC4SF Large",,0.0000,
52651637,"Steelbird SB42 Pixels Brown OffRoad Helmet",,0.0000,
52659999,"Fairing Mirror With Indicator",R15V3,1.0000,
527264241,"Rynox Navigator Tankbag v3.0",,3.0000,
52800998,"Rubber Keychain",,-1.0000,
52912236,"Axor Apex Turbine Matt Black Neon/Yellow Grey Full Face Helmet",S,0.0000,
52912236,"Axor Apex Turbine Matt Black Neon/Yellow Grey Full Face Helmet",M,0.0000,
52912236,"Axor Apex Turbine Matt Black Neon/Yellow Grey Full Face Helmet",L,0.0000,
52912236,"Axor Apex Turbine Matt Black Neon/Yellow Grey Full Face Helmet",XL,0.0000,
52988562,"SMK Stellar Samurai Black Blue Full Face Helmet MA265",S,1.0000,
52988562,"SMK Stellar Samurai Black Blue Full Face Helmet MA265",M,0.0000,
52988562,"SMK Stellar Samurai Black Blue Full Face Helmet MA265",L,0.0000,
53168235,"Helmet Chin Strap Mount with J Hook",,3.0000,
53278859,"RAM Mount B 149Z UN10U X-Grip Large (More than 5 Inches)",,1.0000,
53516116,"Tripod Mount Adaptor for Action Camera",,7.0000,
53526491,"Axor Rage RR3 Glossy Neon Yellow Full Face Helmet",S,0.0000,
53526491,"Axor Rage RR3 Glossy Neon Yellow Full Face Helmet",M,0.0000,
53526491,"Axor Rage RR3 Glossy Neon Yellow Full Face Helmet",L,0.0000,
53526491,"Axor Rage RR3 Glossy Neon Yellow Full Face Helmet",XL,0.0000,
53658158,"Fork/Bellow Rubber",,8.0000,
53753213,"Vega Lark Graphics Open Face Helmet",,2.0000,
53892667,"Axor Jarvis Green Black Full Face Helmet",,1.0000,
53932307,"Axxis Draken Slide B4 Matt Fluro Orange Full Face Helmet",S,0.0000,
53932307,"Axxis Draken Slide B4 Matt Fluro Orange Full Face Helmet",M,1.0000,
53932307,"Axxis Draken Slide B4 Matt Fluro Orange Full Face Helmet",L,1.0000,
53932307,"Axxis Draken Slide B4 Matt Fluro Orange Full Face Helmet",XL,0.0000,
539595665,"Rynox Riding Jacket Tornado ProLevel 2 Black Fluro",,0.0000,
54128002,"Vega Ultimo Plain Full Face Helmet",,0.0000,
541978104,"100Kmph Badge",,-73.0000,
54381516,"Axor Apex Venomous Matt Black Grey Full Face Helmet",S,0.0000,
54381516,"Axor Apex Venomous Matt Black Grey Full Face Helmet",M,1.0000,
54381516,"Axor Apex Venomous Matt Black Grey Full Face Helmet",L,0.0000,
54381516,"Axor Apex Venomous Matt Black Grey Full Face Helmet",XL,1.0000,
54470831,"Cramster Gloves Flux M",,1.0000,
54554072,"Axxis Draken Gear D7 Gloss Blue Full Face Helmet",S,0.0000,
54554072,"Axxis Draken Gear D7 Gloss Blue Full Face Helmet",M,1.0000,
54554072,"Axxis Draken Gear D7 Gloss Blue Full Face Helmet",L,1.0000,
54554072,"Axxis Draken Gear D7 Gloss Blue Full Face Helmet",XL,0.0000,
54578366,"Steelbird Joy Dashing Open Face Helmet",,2.0000,
54625208,"Axor Apex Venomous Matt Black Blue Full Face Helmet",S,0.0000,
54625208,"Axor Apex Venomous Matt Black Blue Full Face Helmet",M,2.0000,
54625208,"Axor Apex Venomous Matt Black Blue Full Face Helmet",L,0.0000,
54625208,"Axor Apex Venomous Matt Black Blue Full Face Helmet",XL,0.0000,
54675483,"Vega Offroad Dual Colour Full Face Helmet",,0.0000,
55018993,"Rynox Powertechtor Shoulder Hex Protector L2",,0.0000,
550295404,"Studds Marshall Plain Cherry Red Open Face Helmet",,2.0000,
550517129,"SMK Stellar Trek Black Red MA275",Small,0.0000,
550517129,"SMK Stellar Trek Black Red MA275",Medium,2.0000,
550517129,"SMK Stellar Trek Black Red MA275",Large,0.0000,
550517129,"SMK Stellar Trek Black Red MA275",XL,1.0000,
55083363,"Vega Edge Black Full Face Helmet",,0.0000,
55276833,"Steelbird SB33 Grey Open Face Helmet",,0.0000,
55397526,"Helmet Part Vega Crux Clear Visor",,7.0000,
55464409,"Rynox Riding Jacket Air GT V3.0 Dark Grey Red",S,0.0000,
55464409,"Rynox Riding Jacket Air GT V3.0 Dark Grey Red",M,0.0000,
55464409,"Rynox Riding Jacket Air GT V3.0 Dark Grey Red",L,2.0000,
55464409,"Rynox Riding Jacket Air GT V3.0 Dark Grey Red",XL,0.0000,
55464409,"Rynox Riding Jacket Air GT V3.0 Dark Grey Red",2XL,0.0000,
556835600,"SMK Twister Unicolour White Full Face Helmet GL100",Small,0.0000,
556835600,"SMK Twister Unicolour White Full Face Helmet GL100",Medium,0.0000,
556835600,"SMK Twister Unicolour White Full Face Helmet GL100",Large,1.0000,
56370537,"MotoTech Bionic Knee Guard",,0.0000,
56584064,"HJC FG17 Valve MC4HSF Full Face Helmet",S,0.0000,
56584064,"HJC FG17 Valve MC4HSF Full Face Helmet",M,0.0000,
56584064,"HJC FG17 Valve MC4HSF Full Face Helmet",L,0.0000,
56584064,"HJC FG17 Valve MC4HSF Full Face Helmet",XL,0.0000,
566356508,"SMK Glide Unicolour Matt Black Full Face Helmet MA200",L,0.0000,
566356508,"SMK Glide Unicolour Matt Black Full Face Helmet MA200",M,0.0000,
566356508,"SMK Glide Unicolour Matt Black Full Face Helmet MA200",XL,1.0000,
566356508,"SMK Glide Unicolour Matt Black Full Face Helmet MA200",2XL,0.0000,
566356508,"SMK Glide Unicolour Matt Black Full Face Helmet MA200",3XL,1.0000,
56640793,"Studds Marshall Kids Open Face Helmet",,1.0000,
56648863,"Jetstar Open Face Helmet With Jet Visor",,1.0000,
56796761,"Rynox Defender Pro R95 Mask",Black,29.0000,
56796761,"Rynox Defender Pro R95 Mask",Grey,30.0000,
56796761,"Rynox Defender Pro R95 Mask",Red,17.0000,
56874549,"K11 Knee Guard Set",,2.0000,
570280174,"Studds Shifter Blue Graphics Full Face Helmet",,1.0000,
571737082,"Sunco Action Camera",,0.0000,
57277755,"Rynox Urban Gloves Copper",S,1.0000,
57277755,"Rynox Urban Gloves Copper",M,1.0000,
57277755,"Rynox Urban Gloves Copper",L,1.0000,
57277755,"Rynox Urban Gloves Copper",XL,0.0000,
57277755,"Rynox Urban Gloves Copper",2XL,0.0000,
57299190,"Studds Thunder D4 Black Neon Green Full Face Helmet",,0.0000,
57608754,"Hogo HG-07 Open Face Helmet Plain",,0.0000,
576820478,"Vega Cliff Black Full Face Helmet",,2.0000,
58090554,"Helmet Part HJC Clear Visor CS15/CL17/TR1/CL ST2",,0.0000,
581960985,"Studds Downtown Open Face Helmet",,1.0000,
58363177,"SMK Twister Splash Full Face Helmet MA261",Medium,0.0000,
58363177,"SMK Twister Splash Full Face Helmet MA261",Large,1.0000,
58363177,"SMK Twister Splash Full Face Helmet MA261",XL,0.0000,
584050902,"SMK Glide Black White Sign Full Face Helmet MA216",Small,0.0000,
584050902,"SMK Glide Black White Sign Full Face Helmet MA216",Large,0.0000,
584050902,"SMK Glide Black White Sign Full Face Helmet MA216",2XL,0.0000,
58570319,"Hogo HG-07 Open Face Helmet Graphics",,0.0000,
58680385,"Vega Buds Open Face Helmet",,4.0000,
58790095,Tankgrips,"KTM Duke",2.0000,
58790095,Tankgrips,"KTM RC",1.0000,
58790095,Tankgrips,Ninja300,2.0000,
58790095,Tankgrips,Versys650,1.0000,
58823888,"Studds Thunder D3 Black Blue 93 Full Face Helmet",,0.0000,
59106779,"MotoTech Scrambler Air Riding Jacket Grey",Small,0.0000,
59106779,"MotoTech Scrambler Air Riding Jacket Grey",Medium,1.0000,
59106779,"MotoTech Scrambler Air Riding Jacket Grey",Large,1.0000,
59106779,"MotoTech Scrambler Air Riding Jacket Grey",XL,1.0000,
59106779,"MotoTech Scrambler Air Riding Jacket Grey",2XL,0.0000,
59106779,"MotoTech Scrambler Air Riding Jacket Grey",3XL,1.0000,
59106779,"MotoTech Scrambler Air Riding Jacket Grey",4XL,0.0000,
59111140,"Rynox Riding Jacket Storm L2 Beige",XL,0.0000,
59210432,"Steelbird SB33 Silver Open Face Helmet",,2.0000,
597264400,"SafeTech MotoTech Armout Insert Shoulder/Elbow/Knee",,-2.0000,
59846207,"Vega Atom Open Face Helmet",,1.0000,
60016585,"Rynox Bastion Bionic Knee Guard",Black,1.0000,
60016585,"Rynox Bastion Bionic Knee Guard",Blue,2.0000,
60132807,"Rynox Riding Jacket Air GT v2.0 Level 2 Black Orange",Small,0.0000,
60132807,"Rynox Riding Jacket Air GT v2.0 Level 2 Black Orange",Medium,0.0000,
60132807,"Rynox Riding Jacket Air GT v2.0 Level 2 Black Orange",Large,0.0000,
60132807,"Rynox Riding Jacket Air GT v2.0 Level 2 Black Orange",XL,0.0000,
60132807,"Rynox Riding Jacket Air GT v2.0 Level 2 Black Orange",2XL,0.0000,
60132807,"Rynox Riding Jacket Air GT v2.0 Level 2 Black Orange",3XL,0.0000,
60321988,"Rynox Expedition Trail Bag V2",,5.0000,
60771320,"SMK Stellar Samurai MA276  Black Orange Full Face Helmet",S,0.0000,
60771320,"SMK Stellar Samurai MA276  Black Orange Full Face Helmet",M,0.0000,
60771320,"SMK Stellar Samurai MA276  Black Orange Full Face Helmet",L,0.0000,
60771320,"SMK Stellar Samurai MA276  Black Orange Full Face Helmet",XL,0.0000,
608911447,"Rynox Tailbag Expedition Dry Bag 15 ltrs",,1.0000,
60907924,"Axor Apex Grid Glossy Black Orange Full Face Helmet",,1.0000,
61091775,"Fox Knee Set",,2.0000,
61300008,"Rynox Riding Pants Airtex",Small,0.0000,
61300008,"Rynox Riding Pants Airtex",Medium,1.0000,
61300008,"Rynox Riding Pants Airtex",Large,1.0000,
61300008,"Rynox Riding Pants Airtex",XL,1.0000,
61300008,"Rynox Riding Pants Airtex",2XL,0.0000,
61300008,"Rynox Riding Pants Airtex",3XL,0.0000,
61545065,"Retrocross Frame Sliders Kawasaki Ninja 300",,0.0000,
61552048,"SMK Open Face Helmet Phoenix GL1CA",,0.0000,
616532979,"SMK Stellar Swank Matt White MA124",S,0.0000,
616532979,"SMK Stellar Swank Matt White MA124",M,0.0000,
616532979,"SMK Stellar Swank Matt White MA124",L,0.0000,
616532979,"SMK Stellar Swank Matt White MA124",XL,0.0000,
61687506,"Motul Helmet Interior Cleaner",,1.0000,
617216899,"SMK Twister Attack Yellow Red Full Face Helmet MA243",S,0.0000,
617216899,"SMK Twister Attack Yellow Red Full Face Helmet MA243",M,0.0000,
617216899,"SMK Twister Attack Yellow Red Full Face Helmet MA243",L,1.0000,
617216899,"SMK Twister Attack Yellow Red Full Face Helmet MA243",XL,0.0000,
61823739,"Studds Shifter Black Red Graphics Full Face Helmet",,2.0000,
61841009,"Axor Rage Rash Dull/Matt White Lagoon Full Face Helmet",S,0.0000,
61841009,"Axor Rage Rash Dull/Matt White Lagoon Full Face Helmet",M,1.0000,
61841009,"Axor Rage Rash Dull/Matt White Lagoon Full Face Helmet",L,1.0000,
61841009,"Axor Rage Rash Dull/Matt White Lagoon Full Face Helmet",XL,0.0000,
61945126,"Helmet Part SMK Twister Chin Curtain",,0.0000,
621219326,"Batios Helmet HairGuard",,19.0000,
62185117,"Knee Guards Set K12",,1.0000,
62593657,"SMK Stellar Samurai MA253  Matt Black Grey Red Blue Full Face Helmet",S,0.0000,
62593657,"SMK Stellar Samurai MA253  Matt Black Grey Red Blue Full Face Helmet",M,0.0000,
62593657,"SMK Stellar Samurai MA253  Matt Black Grey Red Blue Full Face Helmet",L,0.0000,
62593657,"SMK Stellar Samurai MA253  Matt Black Grey Red Blue Full Face Helmet",XL,0.0000,
62653913,"Studds Thunder D5 Red Full Face Helmet",,-1.0000,
62761460,"HJC IS17 Full Face Helmet Loktar MC1 Medium",,1.0000,
62811242,"Helmet Part Studds Chrome Eco/Chrome Elite Clear Visor",,3.0000,
62855685,"BBG Leather Gloves",L,1.0000,
62855685,"BBG Leather Gloves",XL,1.0000,
62870659,"Steelbird Open Face Helmet Pulse Red",,0.0000,
62962159,"Helmet Part Studds Shifter Mirror Visor",,0.0000,
62982088,"Helmet Safety Vinyl Sticker","DM OLRI",105.0000,
630613549,"SMK Twister Captain White Red Full Face Helmet GL163",Small,0.0000,
630613549,"SMK Twister Captain White Red Full Face Helmet GL163",Medium,0.0000,
630613549,"SMK Twister Captain White Red Full Face Helmet GL163",Large,0.0000,
63237008,"Axor Street Wacky Dull Black Orange Full Face Helmet",S,0.0000,
63237008,"Axor Street Wacky Dull Black Orange Full Face Helmet",M,-1.0000,
63237008,"Axor Street Wacky Dull Black Orange Full Face Helmet",L,1.0000,
63237008,"Axor Street Wacky Dull Black Orange Full Face Helmet",XL,0.0000,
63277339,"Rynox Riding Jacket Stealth Evo V3 Black",Small,1.0000,
63277339,"Rynox Riding Jacket Stealth Evo V3 Black",Medium,4.0000,
63277339,"Rynox Riding Jacket Stealth Evo V3 Black",Large,2.0000,
63277339,"Rynox Riding Jacket Stealth Evo V3 Black",XL,1.0000,
63277339,"Rynox Riding Jacket Stealth Evo V3 Black",2XL,1.0000,
63277339,"Rynox Riding Jacket Stealth Evo V3 Black",3XL,0.0000,
63473858,"Studds Helmet Lock Flat Type",,6.0000,
63492466,"Steelbird SBA2 Painted Helmet Matt Desert Storm",,0.0000,
63631268,"Rynox Tornado Pro Riding Jacket Version 3 Red",S,0.0000,
63631268,"Rynox Tornado Pro Riding Jacket Version 3 Red",M,0.0000,
63631268,"Rynox Tornado Pro Riding Jacket Version 3 Red",L,0.0000,
63631268,"Rynox Tornado Pro Riding Jacket Version 3 Red",XL,0.0000,
63631268,"Rynox Tornado Pro Riding Jacket Version 3 Red",2XL,0.0000,
63635144,"Helmet Part SMK Force Spare Liner",S,1.0000,
63635144,"Helmet Part SMK Force Spare Liner",M,2.0000,
63635144,"Helmet Part SMK Force Spare Liner",L,4.0000,
63635144,"Helmet Part SMK Force Spare Liner",XL,2.0000,
63635144,"Helmet Part SMK Force Spare Liner",2XL,0.0000,
636906541,"SMK Derby Grid Open Face Helmet MA266",,1.0000,
638438746,"Fego Float Black/ Universal 100% Leather Bike Seat Cover",,5.0000,
64044274,"MotoTech Riding Boots Asphalt Short UK10",,0.0000,
64291512,"Axor Apex Grid Matt Black Red Full Face Helmet",,0.0000,
64301050,"PB Full Gloves",,9.0000,
64315260,"Cramster Drifter Knee Protector",,1.0000,
64470387,"SMK Stellar Full Face Helmet Meteorite Gloss Black Grey GL266",S,0.0000,
64470387,"SMK Stellar Full Face Helmet Meteorite Gloss Black Grey GL266",L,1.0000,
64637052,"Helmet Part Vega Buds Visor",Smoke,0.0000,
64637052,"Helmet Part Vega Buds Visor",Clear,1.0000,
64637052,"Helmet Part Vega Buds Visor",Mirror,0.0000,
64683577,"Hogo Offroad Graphics Full Face Helmet",,0.0000,
64778470,"Helmet Part Studds Ninja 3G/Scorpion Mirror Visor",,1.0000,
64926287,"Ram Mount Lock Knob Pin Lock Mixed Key",,2.0000,
65504660,"LS2 Offroad Helmet MX437","Matt Blue White",1.0000,
65504660,"LS2 Offroad Helmet MX437","Matt Red Yellow",1.0000,
65504660,"LS2 Offroad Helmet MX437","Matt Black White",1.0000,
65590004,"Studds Urban Open Face Helmet",,2.0000,
65671391,"Axxis Draken Rival B3 Gloss Fluro Yellow Full Face Helmet",S,0.0000,
65671391,"Axxis Draken Rival B3 Gloss Fluro Yellow Full Face Helmet",M,1.0000,
65671391,"Axxis Draken Rival B3 Gloss Fluro Yellow Full Face Helmet",L,0.0000,
65671391,"Axxis Draken Rival B3 Gloss Fluro Yellow Full Face Helmet",XL,0.0000,
65956061,"ISI Full Face Helmet",,4.0000,
663604661,"Rynox Riding Jacket Urban Brown Size L",,0.0000,
66440765,"MT Axis Eagle White Green Full Face Helmet",,0.0000,
66506586,"Fogtech Antifog Wipes (Set of 5)",,10.0000,
66609352,"HJC CS15 Full Face Helmet Rebel MC10F L",,0.0000,
66618872,"Knee Guard Sliders",,0.0000,
66654965,"Vega Lark Plain Open Face Helmet",,2.0000,
66927585,"Rynox Urban X Camo Blue Riding Jacket",S,0.0000,
66927585,"Rynox Urban X Camo Blue Riding Jacket",M,1.0000,
66927585,"Rynox Urban X Camo Blue Riding Jacket",L,2.0000,
66927585,"Rynox Urban X Camo Blue Riding Jacket",XL,2.0000,
66927585,"Rynox Urban X Camo Blue Riding Jacket",2XL,0.0000,
669458526,"100Kmph Vinyl",,-94.0000,
670511704,"Roadgods R1 Tankbag",,0.0000,
67423575,"Axxis Draken Gear A2 Gloss Grey Full Face Helmet",S,0.0000,
67423575,"Axxis Draken Gear A2 Gloss Grey Full Face Helmet",M,0.0000,
67423575,"Axxis Draken Gear A2 Gloss Grey Full Face Helmet",L,0.0000,
67423575,"Axxis Draken Gear A2 Gloss Grey Full Face Helmet",XL,0.0000,
674991763,"SMK Twister Attack Orange Full Face Helmet MA276",Small,0.0000,
674991763,"SMK Twister Attack Orange Full Face Helmet MA276",Medium,0.0000,
674991763,"SMK Twister Attack Orange Full Face Helmet MA276",Large,0.0000,
674991763,"SMK Twister Attack Orange Full Face Helmet MA276",XL,0.0000,
675485873,"Roadgods X2 Saddlebag 50Ltr",,0.0000,
676274622,"SMK Twister Logo Orange Full Face Helmet MA271",Small,0.0000,
676274622,"SMK Twister Logo Orange Full Face Helmet MA271",Medium,1.0000,
676274622,"SMK Twister Logo Orange Full Face Helmet MA271",Large,0.0000,
676274622,"SMK Twister Logo Orange Full Face Helmet MA271",XL,0.0000,
67737672,"Steelbird Adonis Skyway FullFace Helmet",,1.0000,
67770222,"Single Shoulder Strap Mount",,1.0000,
68088319,"Noise Play Vlog Edition Action Camera",Grey,0.0000,
68088319,"Noise Play Vlog Edition Action Camera",Camo,0.0000,
68104957,"MotoTech Riding Boots Short UK8.5",,1.0000,
681053089,"SMK Twister Zest Matt Blue Green Full Face Helmet MA258",Small,0.0000,
681053089,"SMK Twister Zest Matt Blue Green Full Face Helmet MA258",Medium,0.0000,
681053089,"SMK Twister Zest Matt Blue Green Full Face Helmet MA258",Large,0.0000,
681053089,"SMK Twister Zest Matt Blue Green Full Face Helmet MA258",XL,0.0000,
68167431,"Rynox Air GT Gloves Grey Red",S,1.0000,
68167431,"Rynox Air GT Gloves Grey Red",M,1.0000,
68167431,"Rynox Air GT Gloves Grey Red",L,2.0000,
68167431,"Rynox Air GT Gloves Grey Red",XL,1.0000,
68167431,"Rynox Air GT Gloves Grey Red",2XL,1.0000,
68316229,"Helmet Part SMK Stellar Spare Liner",S,1.0000,
68316229,"Helmet Part SMK Stellar Spare Liner",M,1.0000,
68316229,"Helmet Part SMK Stellar Spare Liner",L,2.0000,
68316229,"Helmet Part SMK Stellar Spare Liner",XL,2.0000,
68316229,"Helmet Part SMK Stellar Spare Liner",2XL,0.0000,
68647605,"SMK Glide White Black Full Face Helmet GL126",S,-1.0000,
68647605,"SMK Glide White Black Full Face Helmet GL126",M,0.0000,
68647605,"SMK Glide White Black Full Face Helmet GL126",L,0.0000,
68647605,"SMK Glide White Black Full Face Helmet GL126",XL,0.0000,
68647605,"SMK Glide White Black Full Face Helmet GL126",2XL,0.0000,
68747392,"Sleeves for Sun Protection",,35.0000,
688487926,"Steelbird Frost Open Face Helmet",,0.0000,
68924105,"Curved and Buckle Mount Set",,48.0000,
69079204,"Vega Cruiser Without Peak Open Face Helmet",,0.0000,
69230638,"Cramster Blaster V2 Gloves XL",,1.0000,
69564487,"HJC CS15 Full Face Helmet Kane MC2 Large",,0.0000,
695851255,"Supervek Paper Wallet",,3.0000,
69636623,"2x Curved Mount",,42.0000,
69979814,"Rynox Gloves Recon Black",Small,0.0000,
69979814,"Rynox Gloves Recon Black",Medium,0.0000,
69979814,"Rynox Gloves Recon Black",Large,1.0000,
69979814,"Rynox Gloves Recon Black",XL,0.0000,
69979814,"Rynox Gloves Recon Black",2XL,0.0000,
70402072,"Helmet Part Axor Apex Visor",,2.0000,
70417621,"Axor Apex Vivid Gloss Black Neon Yellow Full Face Helmet",S,0.0000,
70417621,"Axor Apex Vivid Gloss Black Neon Yellow Full Face Helmet",M,0.0000,
70417621,"Axor Apex Vivid Gloss Black Neon Yellow Full Face Helmet",L,0.0000,
70417621,"Axor Apex Vivid Gloss Black Neon Yellow Full Face Helmet",XL,0.0000,
70811455,"Throttle Assist",,94.0000,
708760374,"Ignyte Balaclava",,0.0000,
70906660,"EJEAS VNetphone V6 Bluetooth Intercom Headset",,-2.0000,
709328672,"Motul Chain Cleaner C1 Large",,2.0000,
70973143,"Helmet Part Vega Crux Smoke Visor",,3.0000,
710076691,"Manas Tankbag",,0.0000,
71008658,"Steelbird Adonis Sticker Full Face Helmet",,0.0000,
710499361,"SMK Twister Unicolour Black Full Face Helmet GL200",Small,0.0000,
710499361,"SMK Twister Unicolour Black Full Face Helmet GL200",Medium,0.0000,
710499361,"SMK Twister Unicolour Black Full Face Helmet GL200",Large,0.0000,
71240326,"Helmet Mount Set",,25.0000,
71351882,"Steelbird Rox Black M16 Full Face Helmet",,0.0000,
71427751,"PB Touch Gloves",,0.0000,
71462559,"Studds Thunder Matt Black Full Face Helmet",,0.0000,
71641076,"Helmet Part SMK A-2 Bluetooth Device",,0.0000,
71763228,"100Kmph Polo T-Shirt",,-1.0000,
71802586,"Helmet PArt Axor Rage Visor",Clear,2.0000,
71802586,"Helmet PArt Axor Rage Visor",Mirror,0.0000,
71802586,"Helmet PArt Axor Rage Visor",Rainbow,0.0000,
71837593,"THH Open Face Helmet FH356","Black Gold Army",0.0000,
71837593,"THH Open Face Helmet FH356","Black Captain America",1.0000,
71837593,"THH Open Face Helmet FH356","Black Cream Fly",3.0000,
71837593,"THH Open Face Helmet FH356","Black White Fly",2.0000,
71837593,"THH Open Face Helmet FH356","White England",2.0000,
71837593,"THH Open Face Helmet FH356","1974 Black White",1.0000,
71837593,"THH Open Face Helmet FH356","1974 Desert White",2.0000,
71837593,"THH Open Face Helmet FH356","Black Silver Army",1.0000,
71837593,"THH Open Face Helmet FH356","Black Blue Fly",1.0000,
72589956,"Helmet Part THH T76 Visor Mechanism",,2.0000,
72777388,"Helmet Part SMK Stellar Visor Smoke",,0.0000,
72853897,"Axor Rage Trogon Matt Black Red Full Face Helmet",S,0.0000,
72853897,"Axor Rage Trogon Matt Black Red Full Face Helmet",M,0.0000,
72853897,"Axor Rage Trogon Matt Black Red Full Face Helmet",L,0.0000,
72853897,"Axor Rage Trogon Matt Black Red Full Face Helmet",XL,0.0000,
73512974,"Studds SMG1 Half Riding Gloves",S,0.0000,
73512974,"Studds SMG1 Half Riding Gloves",M,0.0000,
73512974,"Studds SMG1 Half Riding Gloves",L,0.0000,
73512974,"Studds SMG1 Half Riding Gloves",XL,0.0000,
73597762,"Hogo Offroad Plain Full Face Helmet",,0.0000,
73716221,"Helmet Part Steelbird Air 1 Smoke Visor",,3.0000,
737914186,"Manas Saddlebag",,0.0000,
73874087,"Vega Crux DX Plain Full Face Helmet",,0.0000,
73881197,"Retrocross Frame Sliders R15V3/MT15",,2.0000,
74057200,"HJC CS15 Full Face Helmet Rebel MC10F M",,0.0000,
741226950,"EMD Horseshoe Tailbag",,0.0000,
74284052,"THH Full Face Helmet T76","Plain Matt Black",2.0000,
74341930,"Studds Thunder D1 Yellow Full Face Helmet",,0.0000,
744523519,"SMK Twister Attack Grey Full Face Helmet MA266",Small,0.0000,
744523519,"SMK Twister Attack Grey Full Face Helmet MA266",Medium,0.0000,
744523519,"SMK Twister Attack Grey Full Face Helmet MA266",Large,1.0000,
744523519,"SMK Twister Attack Grey Full Face Helmet MA266",XL,0.0000,
74456254,"Mavox Full Face Helmet Honcho Painted",,1.0000,
74550025,"Cramster Gloves Raven L",,0.0000,
74560391,"Steelbird Open Face Helmet Pulse Painted",,0.0000,
74604788,"Rynox Riding Pants Storm Evo Grey",Small,0.0000,
74604788,"Rynox Riding Pants Storm Evo Grey",Medium,1.0000,
74604788,"Rynox Riding Pants Storm Evo Grey",Large,0.0000,
74604788,"Rynox Riding Pants Storm Evo Grey",XL,0.0000,
74604788,"Rynox Riding Pants Storm Evo Grey",2XL,1.0000,
74668671,"Axxis Draken Slide B3 Matt Fluro Yellow Full Face Helmet",S,0.0000,
74668671,"Axxis Draken Slide B3 Matt Fluro Yellow Full Face Helmet",M,0.0000,
74668671,"Axxis Draken Slide B3 Matt Fluro Yellow Full Face Helmet",L,0.0000,
74668671,"Axxis Draken Slide B3 Matt Fluro Yellow Full Face Helmet",XL,0.0000,
74802155,"SMK Twister Wraith Matt Black Green/Neon Yellow Full Face Helmet MA264",L,-1.0000,
74802155,"SMK Twister Wraith Matt Black Green/Neon Yellow Full Face Helmet MA264",XL,0.0000,
74802155,"SMK Twister Wraith Matt Black Green/Neon Yellow Full Face Helmet MA264",M,1.0000,
74868348,"HJC IS Max II Metal Black Full Face Helmet Large",,0.0000,
749295947,"Studds Jetstar Vintage Matt Black Long Visor Open Face Helmet",,0.0000,
74963036,"Cramster Gloves Flux XL",,0.0000,
751111221,"Helmet Cleaner ProTech",,2.0000,
75369782,"Helmet Mount Strap with Velcro",,3.0000,
75384210,"Axor Apex Grid Dull Black Red Full Face Helmet",,0.0000,
75574035,"Metal Keychain",,7.0000,
75819471,"Studds Dude Open Face Helmet",,1.0000,
75864727,"HJG LED",,1.0000,
75867004,"Steelbird Air SBA6 Fuze Dashing Open Face Helmet",,0.0000,
759789348,"Ignyte Waterproof Gloves",,0.0000,
76004103,"Rynox Optimus M Tankbag V2",,4.0000,
76062431,"SMK Twister Logo Green Full Face Helmet MA281",Small,0.0000,
76062431,"SMK Twister Logo Green Full Face Helmet MA281",Medium,0.0000,
76062431,"SMK Twister Logo Green Full Face Helmet MA281",Large,0.0000,
76062431,"SMK Twister Logo Green Full Face Helmet MA281",XL,0.0000,
76116739,"Helmet Part THH T76 Visor",Clear,9.0000,
76116739,"Helmet Part THH T76 Visor",Smoke,4.0000,
76116739,"Helmet Part THH T76 Visor",Mirror,7.0000,
76225773,"Octopus Gorilla Tripod Size L",,1.0000,
764045643,"Studds FEMM 540 Open Face Helmet",,0.0000,
76506608,"Maisto Scale Model 1:18 MotoGP Limited Edition",Honda,2.0000,
76506608,"Maisto Scale Model 1:18 MotoGP Limited Edition",Ducati,1.0000,
76506608,"Maisto Scale Model 1:18 MotoGP Limited Edition",Yamaha,2.0000,
76667709,"Rynox Tornado Pro Riding Jacket Version 3 Black",S,0.0000,
76667709,"Rynox Tornado Pro Riding Jacket Version 3 Black",M,0.0000,
76667709,"Rynox Tornado Pro Riding Jacket Version 3 Black",L,1.0000,
76667709,"Rynox Tornado Pro Riding Jacket Version 3 Black",XL,0.0000,
76667709,"Rynox Tornado Pro Riding Jacket Version 3 Black",2XL,0.0000,
76672882,"RAM Mount B 176A UN7U Fork Stem XGrip (Upto 5 Inches)",,1.0000,
76787283,"Rynox Riding Jacket Helium Grey",Small,0.0000,
76787283,"Rynox Riding Jacket Helium Grey",Medium,0.0000,
76787283,"Rynox Riding Jacket Helium Grey",Large,0.0000,
76787283,"Rynox Riding Jacket Helium Grey",XL,0.0000,
76813843,"Studds Thunder D4 Black Orange Full Face Helmet",,0.0000,
76938646,"MC08 Gloves",,0.0000,
77183877,"Rynox Gripper Reflective Bungee Strap Red",,38.0000,
77912227,"Vega Evo BT Full Face Helmet",,1.0000,
781546266,"Studds Cub Plain Matt Black Open Face Helmet",,0.0000,
78201741,Shipping,,-31.0000,
78276131,"Studds Shifter Green Decor Full Face Helmet",,0.0000,
78647522,"MotoTech Drystar Rain Jacket",SML,1.0000,
78647522,"MotoTech Drystar Rain Jacket",XL2XL3XL,1.0000,
78901563,"Steelbird SB1 Full Face Helmet",,1.0000,
790374399,"BBG Riding Pant",,1.0000,
79108326,"Steelbird Open Face Helmet Pulse Black",,0.0000,
79146545,"SMK Stellar Samurai MA263 Black Red Fulll Face Helmet",S,0.0000,
79146545,"SMK Stellar Samurai MA263 Black Red Fulll Face Helmet",M,0.0000,
79146545,"SMK Stellar Samurai MA263 Black Red Fulll Face Helmet",L,0.0000,
79146545,"SMK Stellar Samurai MA263 Black Red Fulll Face Helmet",XL,0.0000,
79203883,"EJEAS E6 Plus Intercom",,1.0000,
79230367,"Axor Apex Solid Matt Black Full Face Helmet",,0.0000,
793014553,"Studds Scorpion Gun Grey Full Face Helmet",,0.0000,
793866710,"SMK Twister Unicolour Matt Black Full Face Helmet MA200",Small,0.0000,
793866710,"SMK Twister Unicolour Matt Black Full Face Helmet MA200",Large,0.0000,
793866710,"SMK Twister Unicolour Matt Black Full Face Helmet MA200",XL,0.0000,
794930931,"SMK Twister Captain Black Yellow Full Face Helmet GL264",Small,0.0000,
794930931,"SMK Twister Captain Black Yellow Full Face Helmet GL264",Large,-1.0000,
794930931,"SMK Twister Captain Black Yellow Full Face Helmet GL264",XL,1.0000,
79536689,"RetroCross Frame Sliders Kawasaki Ninja 1000",,0.0000,
797012682,"SMK Twister Cartoon Green Yellow Full Face Helmet GL241",Small,0.0000,
797012682,"SMK Twister Cartoon Green Yellow Full Face Helmet GL241",Medium,1.0000,
797012682,"SMK Twister Cartoon Green Yellow Full Face Helmet GL241",Large,-1.0000,
797012682,"SMK Twister Cartoon Green Yellow Full Face Helmet GL241",XL,0.0000,
80184487,"GP Cap",,0.0000,
80637222,"Ergo Jetstar Open Face Helmet STAR",,-1.0000,
806852125,"Studds Helmet Backpack",,2.0000,
80956193,"Quick Pull Buckle Mount for Action Camera",,18.0000,
80989881,"Retrocross Handle Bar Raisers KTM Duke/Dominar",,1.0000,
81312209,"Steelbird Kids Open Face Helmet Tiny",,2.0000,
81435075,"Rubber Keychain 3D",,8.0000,
81483273,"Metal Knee Guard",,2.0000,
81500294,"Helmet Part Studds 3G/Scorpion Visor",Clear,2.0000,
81500294,"Helmet Part Studds 3G/Scorpion Visor",Mirror,4.0000,
81519092,"Axor Street Wolf Dull Black Orange Full Face Helmet",S,0.0000,
81519092,"Axor Street Wolf Dull Black Orange Full Face Helmet",M,1.0000,
81519092,"Axor Street Wolf Dull Black Orange Full Face Helmet",L,0.0000,
81519092,"Axor Street Wolf Dull Black Orange Full Face Helmet",XL,0.0000,
816154631,"Studds Ninja Elite Plain Black Full Face Helmet",,2.0000,
81741138,"Axxis Draken MP4 B3 Matt Fluro Yellow Full Face Helmet",S,0.0000,
81741138,"Axxis Draken MP4 B3 Matt Fluro Yellow Full Face Helmet",M,0.0000,
81741138,"Axxis Draken MP4 B3 Matt Fluro Yellow Full Face Helmet",L,1.0000,
81741138,"Axxis Draken MP4 B3 Matt Fluro Yellow Full Face Helmet",XL,0.0000,
81932769,"Vega Balaclava",,12.0000,
819564482,"Roadgods Ghost Backack Premium",,0.0000,
82060084,"Helmet Part Studds Shifter Clear Visor",,1.0000,
82066482,"Helmet Part Studds Thunder Smoke Visor",,1.0000,
82202154,"Helmet Part Steelbird SBA2 Mirror Visor",,2.0000,
822100124,"SMK Stellar Swank Fluoroscent Yellow MA423",Small,0.0000,
822100124,"SMK Stellar Swank Fluoroscent Yellow MA423",Medium,0.0000,
822100124,"SMK Stellar Swank Fluoroscent Yellow MA423",Large,0.0000,
822100124,"SMK Stellar Swank Fluoroscent Yellow MA423",XL.,1.0000,
82376295,"Axor Rage RR3 Dull/Matt Neon Yellow Full Face Helmet",S,0.0000,
82376295,"Axor Rage RR3 Dull/Matt Neon Yellow Full Face Helmet",M,0.0000,
82376295,"Axor Rage RR3 Dull/Matt Neon Yellow Full Face Helmet",L,1.0000,
82376295,"Axor Rage RR3 Dull/Matt Neon Yellow Full Face Helmet",XL,0.0000,
82497871,"SMK Stellar Rainstar White Blue Red Full Face Helmet GL153",,0.0000,
82584486,"Rynox Tornado Pro 3 Gloves Black Blue",S,0.0000,
82584486,"Rynox Tornado Pro 3 Gloves Black Blue",M,0.0000,
82584486,"Rynox Tornado Pro 3 Gloves Black Blue",L,1.0000,
82584486,"Rynox Tornado Pro 3 Gloves Black Blue",XL,1.0000,
82584486,"Rynox Tornado Pro 3 Gloves Black Blue",2XL,0.0000,
82618673,"Rynox Riding Jacket Tornado Pro Level 2 Black White",Small,0.0000,
82618673,"Rynox Riding Jacket Tornado Pro Level 2 Black White",Medium,0.0000,
82618673,"Rynox Riding Jacket Tornado Pro Level 2 Black White",Large,0.0000,
82618673,"Rynox Riding Jacket Tornado Pro Level 2 Black White",Xl,0.0000,
82618673,"Rynox Riding Jacket Tornado Pro Level 2 Black White",2XL,1.0000,
82618673,"Rynox Riding Jacket Tornado Pro Level 2 Black White",3XL,0.0000,
82618673,"Rynox Riding Jacket Tornado Pro Level 2 Black White",4XL,0.0000,
82678325,"LS2 Offroad Helmet MX436","Matt Black Red",1.0000,
82778777,"Axor Rage Ecco Glossy Grey Full Face Helmet",S,0.0000,
82778777,"Axor Rage Ecco Glossy Grey Full Face Helmet",M,0.0000,
82778777,"Axor Rage Ecco Glossy Grey Full Face Helmet",L,0.0000,
82778777,"Axor Rage Ecco Glossy Grey Full Face Helmet",XL,0.0000,
82920925,"Luggage  4 Way Bungee Cord (Black)",,62.0000,
83020120,"HJC CS15 Full Face Helmet Kane MC7 Large",,0.0000,
831560037,"SMK Twister Logo White Red Full Face Helmet GL132",Small,0.0000,
831560037,"SMK Twister Logo White Red Full Face Helmet GL132",Medium,0.0000,
831560037,"SMK Twister Logo White Red Full Face Helmet GL132",Large,0.0000,
831560037,"SMK Twister Logo White Red Full Face Helmet GL132",XL,0.0000,
832649432,"Quipco Trackpants",,0.0000,
83563060,"THH Full Face Helmet T76 Graphics","White Captain America Matt",2.0000,
83563060,"THH Full Face Helmet T76 Graphics","Black Blue Meta Dragon (Glossy)",2.0000,
83563060,"THH Full Face Helmet T76 Graphics","Black Grey Meta Dragon (Glossy)",1.0000,
836405920,"Rynox Riding Jacket Urban Battle Green Size M",,1.0000,
83716578,"Studds Shifter Black White Graphics  Full Face Helmet",,1.0000,
83724815,"SMK Stellar Unicolour White GL100 Full Face Helmet",Small,0.0000,
83724815,"SMK Stellar Unicolour White GL100 Full Face Helmet",Medium,1.0000,
83724815,"SMK Stellar Unicolour White GL100 Full Face Helmet",Large,1.0000,
83724815,"SMK Stellar Unicolour White GL100 Full Face Helmet",XL,0.0000,
837475052,"Rynox Riding Pants Advento",Medium,0.0000,
837475052,"Rynox Riding Pants Advento",Large,1.0000,
837475052,"Rynox Riding Pants Advento",XL,1.0000,
837475052,"Rynox Riding Pants Advento",2XL,0.0000,
837475052,"Rynox Riding Pants Advento",3XL,1.0000,
83827010,"Cramster Redsetgo Elbow Protector",,1.0000,
838839189,"Studds Ninja Elite Super Full Face Helmet",,1.0000,
84049990,"HJC CS15 Full Face Helmet Sebka MC1 Large",,0.0000,
84208124,"Axor Jet Leather Open Face Helmet","Desert Storm",2.0000,
84208124,"Axor Jet Leather Open Face Helmet",Black,0.0000,
84208124,"Axor Jet Leather Open Face Helmet","Battle Green",-1.0000,
84306434,"Axor Apex Grid Dull Black Neon Yellow Full Face Helmet",,0.0000,
84354815,"Vega Crux Graphics Full Face Helmet",,8.0000,
84777218,"Steelbird Rox Dx Fullface Helmet",,1.0000,
849122099,"Rynox Saddle Bag Nomad v2.1 With Raincover",,1.0000,
84991584,"Axor Street Wacky Dull Black Neon Yellow Full Face Helmet",S,0.0000,
84991584,"Axor Street Wacky Dull Black Neon Yellow Full Face Helmet",M,1.0000,
84991584,"Axor Street Wacky Dull Black Neon Yellow Full Face Helmet",L,1.0000,
84991584,"Axor Street Wacky Dull Black Neon Yellow Full Face Helmet",XL,0.0000,
85183915,"Axor Apex Vivid Matt Black Neon Yellow Full Face Helmet",S,0.0000,
85183915,"Axor Apex Vivid Matt Black Neon Yellow Full Face Helmet",M,0.0000,
85183915,"Axor Apex Vivid Matt Black Neon Yellow Full Face Helmet",L,0.0000,
85183915,"Axor Apex Vivid Matt Black Neon Yellow Full Face Helmet",XL,0.0000,
85579718,"Vega Cliff Graphics Full Face Helmet",,2.0000,
85586815,"Helmet Part Steelbird Air 1 Clear Visor",,1.0000,
85671347,"Cramster Gloves Tundra",S,1.0000,
85671347,"Cramster Gloves Tundra",M,0.0000,
85671347,"Cramster Gloves Tundra",L,0.0000,
85671347,"Cramster Gloves Tundra",XL,0.0000,
85671347,"Cramster Gloves Tundra",2XL,0.0000,
85674556,"Axor Rage RR3 Glossy Black Red Full Face Helmet",S,0.0000,
85674556,"Axor Rage RR3 Glossy Black Red Full Face Helmet",M,1.0000,
85674556,"Axor Rage RR3 Glossy Black Red Full Face Helmet",L,0.0000,
85674556,"Axor Rage RR3 Glossy Black Red Full Face Helmet",XL,0.0000,
85706449,"Wildcraft Hydration Bladder",,2.0000,
86099103,"HJC CS15 Full Face Helmet Rebel MC9F Medium",,1.0000,
86667982,"Axor Apex Liberty Matt Black Red Full Face Helmet",S,0.0000,
86667982,"Axor Apex Liberty Matt Black Red Full Face Helmet",M,0.0000,
86667982,"Axor Apex Liberty Matt Black Red Full Face Helmet",L,0.0000,
86667982,"Axor Apex Liberty Matt Black Red Full Face Helmet",XL,0.0000,
86798263,"Rynox Gloves Recon Green",Small,1.0000,
86798263,"Rynox Gloves Recon Green",Medium,0.0000,
86798263,"Rynox Gloves Recon Green",Large,-1.0000,
86798263,"Rynox Gloves Recon Green",XL,0.0000,
86798263,"Rynox Gloves Recon Green",2XL,2.0000,
86930440,"Axxis Draken Gear E7 Gloss Blue Full Face Helmet",S,0.0000,
86930440,"Axxis Draken Gear E7 Gloss Blue Full Face Helmet",M,2.0000,
86930440,"Axxis Draken Gear E7 Gloss Blue Full Face Helmet",L,1.0000,
86930440,"Axxis Draken Gear E7 Gloss Blue Full Face Helmet",XL,0.0000,
87081236,"MotoTech Riding Boots Short UK7.5",,0.0000,
87130942,"Axor Apex Shark Dull/Matt Grey Full Face Helmet",L,1.0000,
87156358,"Helmet Part LS2 Visor Mirror",,1.0000,
87175084,"Steelbird Open Face Helmet Bunker",,0.0000,
87232840,"Axor Apex Liberty Black Neon Yellow Full Face Helmet",,0.0000,
874020781,"Studds Chrome Elite  BlackFull Face Helmet",,0.0000,
874441480,"Steelbird SBA2 Graphics Full Face Helmet",,0.0000,
87608904,"Helmet Part Studds Ninja Elite Clear Visor",,4.0000,
87639721,"Helmet Part THH FH356 Visor",Clear,0.0000,
87639721,"Helmet Part THH FH356 Visor",Smoke,0.0000,
87639721,"Helmet Part THH FH356 Visor",Mirror,0.0000,
87718407,"Helmet Part SMK Stellar Visor Clear",,4.0000,
880528204,"SMK Twister Cartoon Orange Full Face Helmet Glossy Finish GL271",Small,0.0000,
880528204,"SMK Twister Cartoon Orange Full Face Helmet Glossy Finish GL271",Large,1.0000,
881853587,"Muc Off Bike Cleaner",,-2.0000,
88432498,"Chain Cleaning Brush",,30.0000,
888999129,"Rynox Riding Jacket Tornado Pro Level 2 Black Red",,0.0000,
89252541,"Mavox Full Face Helmet Honcho Plain",,1.0000,
89465550,"Helmet Part Axor Apex Spoiler",,2.0000,
89483826,"GoggleMask Blue",,5.0000,
89554430,"SMK Twister Twilight Black White Red GL231 Full Face Helmet",S,0.0000,
89554430,"SMK Twister Twilight Black White Red GL231 Full Face Helmet",L,1.0000,
89554430,"SMK Twister Twilight Black White Red GL231 Full Face Helmet",XL,0.0000,
89559175,"Maxima Synthetic Chain Guard Chain Lube",220ml,2.0000,
895639917,"Studds Top Box",,1.0000,
89587165,"MotoTech Scrambler Air Riding Jacket Green",Small,0.0000,
89587165,"MotoTech Scrambler Air Riding Jacket Green",Medium,0.0000,
89587165,"MotoTech Scrambler Air Riding Jacket Green",Large,1.0000,
89587165,"MotoTech Scrambler Air Riding Jacket Green",XL,0.0000,
89587165,"MotoTech Scrambler Air Riding Jacket Green",2XL,0.0000,
89795924,"Tankpad TP3",,3.0000,
89817254,"Helmet Part Axxis V-18B Silver Iridium Visor",,2.0000,
89870451,"Komin Gloves",,0.0000,
89978107,"Maxima Clean Up Chain Cleaner",507ml,5.0000,
90025211,"SMK Stellar Samurai Black Green Full Face Helmet MA268",S,0.0000,
90025211,"SMK Stellar Samurai Black Green Full Face Helmet MA268",L,0.0000,
90241127,"Rynox Riding Jacket Helium Green",Small,1.0000,
90241127,"Rynox Riding Jacket Helium Green",Medium,1.0000,
90241127,"Rynox Riding Jacket Helium Green",Large,0.0000,
90241127,"Rynox Riding Jacket Helium Green",XL,0.0000,
90241127,"Rynox Riding Jacket Helium Green",2XL,1.0000,
904295989,"Axor Stealth Blue Yellow Matt Full Face Helmet",,0.0000,
906033618,"SMK Twister Zest Matt White Blue Red Full Face Helmet GL135",Small,0.0000,
906033618,"SMK Twister Zest Matt White Blue Red Full Face Helmet GL135",Medium,0.0000,
906033618,"SMK Twister Zest Matt White Blue Red Full Face Helmet GL135",Large,1.0000,
90657236,"Rynox Riding Jacket Urban Brown Size XL",,0.0000,
907185388,"Quipco Hi Viz Suspenders",,7.0000,
90986304,"Retrocross Frame Siders R15 V3",,0.0000,
911271732,"Motul Chain Lube C2 Small",,0.0000,
91569521,"Studds Riding Gloves SMG2",M,0.0000,
91569521,"Studds Riding Gloves SMG2",L,1.0000,
91569521,"Studds Riding Gloves SMG2",XL,1.0000,
91569521,"Studds Riding Gloves SMG2",2XL,1.0000,
916033874,"SMK Sirius Art Open Face Helmet GL149",,1.0000,
916902224,"Steelbird Bang SB42 Off Road Full Face Helmet",,1.0000,
91741268,"Cramster Redsetgo Knee Protector",,0.0000,
91858979,"Studds Chrome Eco Graphics Full Face Helmet",,3.0000,
922516035,"Quipco Embriodery Flagpatch",,0.0000,
92414592,"Helmet Part LS2 Visor Clear",,0.0000,
924750933,"SMK Twister Blade Matt Black Grey Full Face Helmet MA266",Small,0.0000,
924750933,"SMK Twister Blade Matt Black Grey Full Face Helmet MA266",Medium,1.0000,
924986455,"SMK Force Boost Red Full Face Helmet GL213",Small,0.0000,
924986455,"SMK Force Boost Red Full Face Helmet GL213",Large,-1.0000,
92804572,"Axxis Draken Slide B5 Matt Red Full Face Helmet",S,0.0000,
92804572,"Axxis Draken Slide B5 Matt Red Full Face Helmet",M,0.0000,
92804572,"Axxis Draken Slide B5 Matt Red Full Face Helmet",L,0.0000,
92804572,"Axxis Draken Slide B5 Matt Red Full Face Helmet",XL,0.0000,
92968809,"Rynox Riding Jacket Storm Level 2 Knight Grey",Small,0.0000,
92968809,"Rynox Riding Jacket Storm Level 2 Knight Grey",Medium,0.0000,
92968809,"Rynox Riding Jacket Storm Level 2 Knight Grey",XL,0.0000,
92968809,"Rynox Riding Jacket Storm Level 2 Knight Grey",2XL,0.0000,
92968809,"Rynox Riding Jacket Storm Level 2 Knight Grey",3XL,0.0000,
92968809,"Rynox Riding Jacket Storm Level 2 Knight Grey",Large,0.0000,
93185595,"HJC CS15 Full Face Helmet Space MC10SF Medium",,0.0000,
932924416,"SMK Twister Skull Black White Full Face Helmet MA210",S,0.0000,
932924416,"SMK Twister Skull Black White Full Face Helmet MA210",M,0.0000,
932924416,"SMK Twister Skull Black White Full Face Helmet MA210",L,0.0000,
933252143,"Steelbird SB42 Bargy Off Road Full Face Helmet",,1.0000,
93714452,"Studds Helmet Lock Round Type",,9.0000,
943092575,"THH TS39 CFK Black Full Face Helmet",,1.0000,
94313204,"Helmet Spikes",,20.0000,
94906455,"Vega Offroad DV Plain Full Face Helmet",,1.0000,
94976368,"Vega Offroad DV Graphics Full Face Helmet",,1.0000,
95080205,"Helmet Part Vega Cruiser Clear Visor",,1.0000,
952053982,"Quipco Warm Gloves",,0.0000,
95538109,"Kawach 1 Protective FaceShield (Covid-19)",,6.0000,
95549921,"Studds Thunder D4 Black Red Full Face Helmet",,0.0000,
95701365,"Axor Rage Trogon Matt Black Orange Full Face Helmet",S,0.0000,
95701365,"Axor Rage Trogon Matt Black Orange Full Face Helmet",M,0.0000,
95701365,"Axor Rage Trogon Matt Black Orange Full Face Helmet",L,1.0000,
95701365,"Axor Rage Trogon Matt Black Orange Full Face Helmet",XL,0.0000,
95758950,"M3 LED",,1.0000,
96009761,"Vega Offroad Plain Double Visor Full Face Helmet",,1.0000,
96292144,"Rynox Tornado Pro 3 Gloves Black Red",S,1.0000,
96292144,"Rynox Tornado Pro 3 Gloves Black Red",M,1.0000,
96292144,"Rynox Tornado Pro 3 Gloves Black Red",L,1.0000,
96292144,"Rynox Tornado Pro 3 Gloves Black Red",XL,1.0000,
96292144,"Rynox Tornado Pro 3 Gloves Black Red",2XL,0.0000,
96417851,"Helmet Part Studds Dude Clear Visor",,1.0000,
96424646,"Helmet Part HJC Mirror Visor CS15/CL17/TR1/CL ST2",,2.0000,
96487916,"Axor Apex Turbine Gloss Black Orange Full Face Helmet",S,0.0000,
96487916,"Axor Apex Turbine Gloss Black Orange Full Face Helmet",M,0.0000,
96487916,"Axor Apex Turbine Gloss Black Orange Full Face Helmet",L,0.0000,
96487916,"Axor Apex Turbine Gloss Black Orange Full Face Helmet",XL,0.0000,
97136880,"Rynox Riding Jacket Tornado Pro Level 2 Black Fluro Orange",Small,0.0000,
97136880,"Rynox Riding Jacket Tornado Pro Level 2 Black Fluro Orange",Medium,0.0000,
97136880,"Rynox Riding Jacket Tornado Pro Level 2 Black Fluro Orange",Large,1.0000,
97136880,"Rynox Riding Jacket Tornado Pro Level 2 Black Fluro Orange",XL,0.0000,
97136880,"Rynox Riding Jacket Tornado Pro Level 2 Black Fluro Orange",2XL,0.0000,
97136880,"Rynox Riding Jacket Tornado Pro Level 2 Black Fluro Orange",3XL,0.0000,
97290195,"Cramster Bionic Knee Protector",,0.0000,
97342114,"Maisto Scale Model Motorcycle 1:12 Assembly Line","BMW R 1200 GS Red Black",1.0000,
97342114,"Maisto Scale Model Motorcycle 1:12 Assembly Line","KTM 690 Duke Black White",1.0000,
976859921,"SMK Stellar Dynamo Matt Black Red MA236",Small,1.0000,
976859921,"SMK Stellar Dynamo Matt Black Red MA236",Medium,0.0000,
976859921,"SMK Stellar Dynamo Matt Black Red MA236",Large,1.0000,
97723252,"Studds Thunder D1 Black White Full Face Helmet",,0.0000,
97750904,"Helmet part Studds Ninja Full Face/Open Face Mirror Visor",,1.0000,
97751050,"Wildcraft Hypashield W95 Reusable Mask Black",,60.0000,
977896681,"SMK Stellar Dynamo Matt White Blue GL153",Small,1.0000,
977896681,"SMK Stellar Dynamo Matt White Blue GL153",Medium,0.0000,
97811579,"Axxis Draken Viper Fish B0 Gloss Fluro Orange Full Face Helmet",S,0.0000,
97811579,"Axxis Draken Viper Fish B0 Gloss Fluro Orange Full Face Helmet",M,1.0000,
97811579,"Axxis Draken Viper Fish B0 Gloss Fluro Orange Full Face Helmet",L,0.0000,
97811579,"Axxis Draken Viper Fish B0 Gloss Fluro Orange Full Face Helmet",XL,0.0000,
97846685,"Rynox Gloves Shield Pro with SPS",Small,0.0000,
97846685,"Rynox Gloves Shield Pro with SPS",Medium,0.0000,
97846685,"Rynox Gloves Shield Pro with SPS",Large,0.0000,
97846685,"Rynox Gloves Shield Pro with SPS",XL,0.0000,
97846685,"Rynox Gloves Shield Pro with SPS",2XL,0.0000,
98018428,"Helmet Part Studds Thunder Mirror Visor",,2.0000,
98251327,"Vega Verve Open Face Helmet",,3.0000,
98261351,"Axor Apex Venomous Gloss Black Neon Green Full Face Helmet",S,0.0000,
98261351,"Axor Apex Venomous Gloss Black Neon Green Full Face Helmet",M,2.0000,
98261351,"Axor Apex Venomous Gloss Black Neon Green Full Face Helmet",L,1.0000,
98261351,"Axor Apex Venomous Gloss Black Neon Green Full Face Helmet",XL,0.0000,
98674090,"Axor Apex Venomous Gloss Black Grey Full Face Helmet",S,0.0000,
98674090,"Axor Apex Venomous Gloss Black Grey Full Face Helmet",M,0.0000,
98674090,"Axor Apex Venomous Gloss Black Grey Full Face Helmet",L,0.0000,
98674090,"Axor Apex Venomous Gloss Black Grey Full Face Helmet",XL,1.0000,
99477347,"Rynox Tornado Pro 3 Gloves Black Hi-Viz Green",S,0.0000,
99477347,"Rynox Tornado Pro 3 Gloves Black Hi-Viz Green",M,1.0000,
99477347,"Rynox Tornado Pro 3 Gloves Black Hi-Viz Green",L,2.0000,
99477347,"Rynox Tornado Pro 3 Gloves Black Hi-Viz Green",XL,2.0000,
99477347,"Rynox Tornado Pro 3 Gloves Black Hi-Viz Green",2XL,0.0000,
99677350,"HJC TR-1 Skyride MC1 Full Face Helmet",S,0.0000,
99677350,"HJC TR-1 Skyride MC1 Full Face Helmet",M,1.0000,
99677350,"HJC TR-1 Skyride MC1 Full Face Helmet",L,0.0000,
99677350,"HJC TR-1 Skyride MC1 Full Face Helmet",XL,0.0000,
99832214,"Vega Jet Graphics Open Face Helmet",,0.0000,
qeqefrqef,"Studds Downtown Full Face Helmet Plain",,0.0000,
