"Product Code","Product Name",Variant,Expected,Counted
00023595,"LS2 MX436 Pioneer Evo Router Hi Viz Yellow Helmet",S,0.0000,
00023595,"LS2 MX436 Pioneer Evo Router Hi Viz Yellow Helmet",M,0.0000,
00023595,"LS2 MX436 Pioneer Evo Router Hi Viz Yellow Helmet",L,0.0000,
00023595,"LS2 MX436 Pioneer Evo Router Hi Viz Yellow Helmet",XL,0.0000,
04122982,"LS2 MX436 Pioneer Evo Adventurer Black White Helmet",S,0.0000,
04122982,"LS2 MX436 Pioneer Evo Adventurer Black White Helmet",M,0.0000,
04122982,"LS2 MX436 Pioneer Evo Adventurer Black White Helmet",L,0.0000,
04122982,"LS2 MX436 Pioneer Evo Adventurer Black White Helmet",XL,0.0000,
06310411,"LS2 FF902 Scope Arch Gloss White Titanium Helmet",S,0.0000,
06310411,"LS2 FF902 Scope Arch Gloss White Titanium Helmet",M,0.0000,
06310411,"LS2 FF902 Scope Arch Gloss White Titanium Helmet",L,0.0000,
06310411,"LS2 FF902 Scope Arch Gloss White Titanium Helmet",XL,0.0000,
06310411,"LS2 FF902 Scope Arch Gloss White Titanium Helmet",2XL,0.0000,
06747565,"LS2 FF800 Storm Racer Titanium Fluoro Orange Full Face Helmet",S,0.0000,
06747565,"LS2 FF800 Storm Racer Titanium Fluoro Orange Full Face Helmet",M,1.0000,
06747565,"LS2 FF800 Storm Racer Titanium Fluoro Orange Full Face Helmet",L,0.0000,
06747565,"LS2 FF800 Storm Racer Titanium Fluoro Orange Full Face Helmet",XL,0.0000,
09261418,"LS2 FF320 Level Matt Black Red Helmet",S,0.0000,
09261418,"LS2 FF320 Level Matt Black Red Helmet",M,0.0000,
09261418,"LS2 FF320 Level Matt Black Red Helmet",L,0.0000,
09261418,"LS2 FF320 Level Matt Black Red Helmet",XL,0.0000,
09932195,"LS2 FF800 Storm Faster Red Blue Gloss Full Face Helmet",S,0.0000,
09932195,"LS2 FF800 Storm Faster Red Blue Gloss Full Face Helmet",M,0.0000,
09932195,"LS2 FF800 Storm Faster Red Blue Gloss Full Face Helmet",L,0.0000,
09932195,"LS2 FF800 Storm Faster Red Blue Gloss Full Face Helmet",XL,0.0000,
13972469,"LS2 Gloves Ray LS2-18",S,0.0000,
13972469,"LS2 Gloves Ray LS2-18",M,2.0000,
13972469,"LS2 Gloves Ray LS2-18",L,0.0000,
13972469,"LS2 Gloves Ray LS2-18",XL,0.0000,
16263121,"LS2 FF320 Xdorn Gloss Neon Orange Helmet",S,0.0000,
16263121,"LS2 FF320 Xdorn Gloss Neon Orange Helmet",M,0.0000,
16263121,"LS2 FF320 Xdorn Gloss Neon Orange Helmet",L,0.0000,
16263121,"LS2 FF320 Xdorn Gloss Neon Orange Helmet",XL,0.0000,
19203655,"LS2 MX436 Pioneer Evo Evolve Matt Red White Helmet",S,0.0000,
19203655,"LS2 MX436 Pioneer Evo Evolve Matt Red White Helmet",M,0.0000,
19203655,"LS2 MX436 Pioneer Evo Evolve Matt Red White Helmet",L,0.0000,
19203655,"LS2 MX436 Pioneer Evo Evolve Matt Red White Helmet",XL,0.0000,
20472701,"LS2-12 Short Mesh Gloves with TPU (Black)",S,0.0000,
20472701,"LS2-12 Short Mesh Gloves with TPU (Black)",M,0.0000,
20472701,"LS2-12 Short Mesh Gloves with TPU (Black)",L,0.0000,
20472701,"LS2-12 Short Mesh Gloves with TPU (Black)",XL,0.0000,
20472701,"LS2-12 Short Mesh Gloves with TPU (Black)",2XL,0.0000,
20756981,"LS2 FF902 Scope Skid Gloss Black Red Full Face Helmet",S,0.0000,
20756981,"LS2 FF902 Scope Skid Gloss Black Red Full Face Helmet",M,0.0000,
20756981,"LS2 FF902 Scope Skid Gloss Black Red Full Face Helmet",L,0.0000,
20756981,"LS2 FF902 Scope Skid Gloss Black Red Full Face Helmet",XL,0.0000,
20921162,"LS2 FF320 Scape Gloss White Blue Helmet",S,0.0000,
20921162,"LS2 FF320 Scape Gloss White Blue Helmet",M,1.0000,
20921162,"LS2 FF320 Scape Gloss White Blue Helmet",L,0.0000,
20921162,"LS2 FF320 Scape Gloss White Blue Helmet",XL,0.0000,
21969748,"Helmet Part LS2 FF352 Mirror Visor",,1.0000,
23296702,"LS2 FF800 Storm Salvador Replica Gloss Blue Hi Viz Yellow Helmet",S,0.0000,
23296702,"LS2 FF800 Storm Salvador Replica Gloss Blue Hi Viz Yellow Helmet",M,0.0000,
23296702,"LS2 FF800 Storm Salvador Replica Gloss Blue Hi Viz Yellow Helmet",L,1.0000,
23296702,"LS2 FF800 Storm Salvador Replica Gloss Blue Hi Viz Yellow Helmet",XL,0.0000,
23296702,"LS2 FF800 Storm Salvador Replica Gloss Blue Hi Viz Yellow Helmet",2XL,0.0000,
29686299,"LS2 FF800 Storm Racer Gloss Blue Full Face Helmet",S,0.0000,
29686299,"LS2 FF800 Storm Racer Gloss Blue Full Face Helmet",M,0.0000,
29686299,"LS2 FF800 Storm Racer Gloss Blue Full Face Helmet",L,0.0000,
29686299,"LS2 FF800 Storm Racer Gloss Blue Full Face Helmet",XL,0.0000,
30080834,"LS2 FF353 RAPID CROMO GLOSS BLACK FLUO BLUE Full Face Helmet",S,0.0000,
30080834,"LS2 FF353 RAPID CROMO GLOSS BLACK FLUO BLUE Full Face Helmet",M,0.0000,
30080834,"LS2 FF353 RAPID CROMO GLOSS BLACK FLUO BLUE Full Face Helmet",L,1.0000,
30080834,"LS2 FF353 RAPID CROMO GLOSS BLACK FLUO BLUE Full Face Helmet",XL,0.0000,
31376594,"Helmet Part LS2 FF800/FF353/FF320 Iridium Silver Visor",,0.0000,
33831083,"LS2 FF800 Storm Nerve Black Hi Viz Yellow Full Face Helmet",S,0.0000,
33831083,"LS2 FF800 Storm Nerve Black Hi Viz Yellow Full Face Helmet",M,0.0000,
33831083,"LS2 FF800 Storm Nerve Black Hi Viz Yellow Full Face Helmet",L,0.0000,
33831083,"LS2 FF800 Storm Nerve Black Hi Viz Yellow Full Face Helmet",XL,0.0000,
35626413,"LS2 FF320 Reflex Matt Black Blue Helmet",S,0.0000,
35626413,"LS2 FF320 Reflex Matt Black Blue Helmet",M,0.0000,
35626413,"LS2 FF320 Reflex Matt Black Blue Helmet",L,1.0000,
35626413,"LS2 FF320 Reflex Matt Black Blue Helmet",XL,0.0000,
38385806,"LS2 FF800 Storm Racer Gloss White Blue Red Helmet",S,0.0000,
38385806,"LS2 FF800 Storm Racer Gloss White Blue Red Helmet",M,1.0000,
38385806,"LS2 FF800 Storm Racer Gloss White Blue Red Helmet",L,1.0000,
38385806,"LS2 FF800 Storm Racer Gloss White Blue Red Helmet",XL,1.0000,
38385806,"LS2 FF800 Storm Racer Gloss White Blue Red Helmet",2XL,0.0000,
39569285,"Helmet Part LS2 FF800/FF353/FF320 Dark Smoke Visor",,0.0000,
44055646,"LS2 FF800 Storm Drop Gloss Black Yellow Red  Full Face Helmet",S,0.0000,
44055646,"LS2 FF800 Storm Drop Gloss Black Yellow Red  Full Face Helmet",M,0.0000,
44055646,"LS2 FF800 Storm Drop Gloss Black Yellow Red  Full Face Helmet",L,0.0000,
44055646,"LS2 FF800 Storm Drop Gloss Black Yellow Red  Full Face Helmet",XL,0.0000,
44394123,"LS2 FF353 Rapid Circle Gloss Titanium Fluro Orange Full Face Helmet",S,0.0000,
44394123,"LS2 FF353 Rapid Circle Gloss Titanium Fluro Orange Full Face Helmet",M,0.0000,
44394123,"LS2 FF353 Rapid Circle Gloss Titanium Fluro Orange Full Face Helmet",L,0.0000,
44394123,"LS2 FF353 Rapid Circle Gloss Titanium Fluro Orange Full Face Helmet",XL,0.0000,
49700753,"Coocase Topbox 30L",,0.0000,
50457370,"LS2 FF800 Storm Nerve Black Red Full Face Helmet",M,1.0000,
50457370,"LS2 FF800 Storm Nerve Black Red Full Face Helmet",L,1.0000,
52078449,"LS2 FF320 Scape Gloss White Red Helmet",S,0.0000,
52078449,"LS2 FF320 Scape Gloss White Red Helmet",M,1.0000,
52078449,"LS2 FF320 Scape Gloss White Red Helmet",L,0.0000,
52078449,"LS2 FF320 Scape Gloss White Red Helmet",XL,0.0000,
52529453,"LS2 FF800 Storm Faster TItanium Matt Black Silver Helmet",S,0.0000,
52529453,"LS2 FF800 Storm Faster TItanium Matt Black Silver Helmet",M,0.0000,
52529453,"LS2 FF800 Storm Faster TItanium Matt Black Silver Helmet",L,1.0000,
52529453,"LS2 FF800 Storm Faster TItanium Matt Black Silver Helmet",XL,0.0000,
55173819,"LS2 FF327 Challenger Galactic Gloss Blue Fluoro Orange Helmet",S,0.0000,
55173819,"LS2 FF327 Challenger Galactic Gloss Blue Fluoro Orange Helmet",M,1.0000,
55173819,"LS2 FF327 Challenger Galactic Gloss Blue Fluoro Orange Helmet",L,0.0000,
55173819,"LS2 FF327 Challenger Galactic Gloss Blue Fluoro Orange Helmet",XL,0.0000,
55295156,"LS2 MX436 Pioneer Evo Knight Gloss Titanium Orange Helmet",S,0.0000,
55295156,"LS2 MX436 Pioneer Evo Knight Gloss Titanium Orange Helmet",M,0.0000,
55295156,"LS2 MX436 Pioneer Evo Knight Gloss Titanium Orange Helmet",L,1.0000,
55295156,"LS2 MX436 Pioneer Evo Knight Gloss Titanium Orange Helmet",XL,0.0000,
55756861,"LS2 MX436 Pioneer Evo Blaze Elevation Matt Black Hi Viz Helmet",S,0.0000,
55756861,"LS2 MX436 Pioneer Evo Blaze Elevation Matt Black Hi Viz Helmet",M,0.0000,
55756861,"LS2 MX436 Pioneer Evo Blaze Elevation Matt Black Hi Viz Helmet",L,0.0000,
55756861,"LS2 MX436 Pioneer Evo Blaze Elevation Matt Black Hi Viz Helmet",XL,0.0000,
57054401,"LS2 FF320 Zuko Gloss Black Hi Viz Orange Helmet",S,0.0000,
57054401,"LS2 FF320 Zuko Gloss Black Hi Viz Orange Helmet",M,0.0000,
57054401,"LS2 FF320 Zuko Gloss Black Hi Viz Orange Helmet",L,0.0000,
57054401,"LS2 FF320 Zuko Gloss Black Hi Viz Orange Helmet",XL,0.0000,
57449427,"LS2 FF320 Revolve Gloss Black Grey Red Helmet",S,0.0000,
57449427,"LS2 FF320 Revolve Gloss Black Grey Red Helmet",M,0.0000,
57449427,"LS2 FF320 Revolve Gloss Black Grey Red Helmet",L,0.0000,
57449427,"LS2 FF320 Revolve Gloss Black Grey Red Helmet",XL,0.0000,
57697339,"LS2 MX436 Pioneer Evo Knight Gloss Titanium White Helmet",S,0.0000,
57697339,"LS2 MX436 Pioneer Evo Knight Gloss Titanium White Helmet",M,0.0000,
57697339,"LS2 MX436 Pioneer Evo Knight Gloss Titanium White Helmet",L,0.0000,
57697339,"LS2 MX436 Pioneer Evo Knight Gloss Titanium White Helmet",XL,0.0000,
62331405,"LS2 MX436 Pioneer Evo Router Black Orange Helmet",S,0.0000,
62331405,"LS2 MX436 Pioneer Evo Router Black Orange Helmet",M,1.0000,
62331405,"LS2 MX436 Pioneer Evo Router Black Orange Helmet",L,0.0000,
62331405,"LS2 MX436 Pioneer Evo Router Black Orange Helmet",XL,0.0000,
62853915,"LS2 FF353 Rapid Naughty Gloss Black Hi Viz Yellow Full Face Helmet",S,0.0000,
62853915,"LS2 FF353 Rapid Naughty Gloss Black Hi Viz Yellow Full Face Helmet",M,0.0000,
62853915,"LS2 FF353 Rapid Naughty Gloss Black Hi Viz Yellow Full Face Helmet",L,0.0000,
62853915,"LS2 FF353 Rapid Naughty Gloss Black Hi Viz Yellow Full Face Helmet",XL,0.0000,
64799550,"LS2 FF800 Storm Velvet Black Rainbow Gloss Helmet",S,0.0000,
64799550,"LS2 FF800 Storm Velvet Black Rainbow Gloss Helmet",M,0.0000,
64799550,"LS2 FF800 Storm Velvet Black Rainbow Gloss Helmet",L,0.0000,
64799550,"LS2 FF800 Storm Velvet Black Rainbow Gloss Helmet",XL,0.0000,
65504660,"LS2 Offroad Helmet MX437","Matt Blue White",1.0000,
65504660,"LS2 Offroad Helmet MX437","Matt Red Yellow",0.0000,
65504660,"LS2 Offroad Helmet MX437","Matt Black White",0.0000,
66777385,"Helmet Part LS2 Visor Mechanism",,2.0000,
70171023,"LS2 FF353 RAPID INFINITY MATT BLACK RED WHITE  Full Face Helmet",S,0.0000,
70171023,"LS2 FF353 RAPID INFINITY MATT BLACK RED WHITE  Full Face Helmet",M,0.0000,
70171023,"LS2 FF353 RAPID INFINITY MATT BLACK RED WHITE  Full Face Helmet",L,0.0000,
70171023,"LS2 FF353 RAPID INFINITY MATT BLACK RED WHITE  Full Face Helmet",XL,0.0000,
80332576,"LS2 FF352 Chaser Gloss Black Red Helmet",S,0.0000,
80332576,"LS2 FF352 Chaser Gloss Black Red Helmet",M,0.0000,
80332576,"LS2 FF352 Chaser Gloss Black Red Helmet",L,0.0000,
80332576,"LS2 FF352 Chaser Gloss Black Red Helmet",XL,0.0000,
81484882,"LS2 FF353 Rapid Naughty Gloss Black Blue Orange Full Face Helmet",S,0.0000,
81484882,"LS2 FF353 Rapid Naughty Gloss Black Blue Orange Full Face Helmet",M,0.0000,
81484882,"LS2 FF353 Rapid Naughty Gloss Black Blue Orange Full Face Helmet",L,0.0000,
81484882,"LS2 FF353 Rapid Naughty Gloss Black Blue Orange Full Face Helmet",XL,0.0000,
82678325,"LS2 Offroad Helmet MX436","Matt Black Red",0.0000,
84279219,"LS2 FF320 Scape Matt White Black 7C Helmet",S,0.0000,
84279219,"LS2 FF320 Scape Matt White Black 7C Helmet",M,0.0000,
84279219,"LS2 FF320 Scape Matt White Black 7C Helmet",L,0.0000,
84279219,"LS2 FF320 Scape Matt White Black 7C Helmet",XL,0.0000,
84859547,"LS2 FF327 Challenger Jeans Gloss Fluoro Orange Helmet",S,0.0000,
84859547,"LS2 FF327 Challenger Jeans Gloss Fluoro Orange Helmet",M,0.0000,
84859547,"LS2 FF327 Challenger Jeans Gloss Fluoro Orange Helmet",L,0.0000,
84859547,"LS2 FF327 Challenger Jeans Gloss Fluoro Orange Helmet",XL,0.0000,
85611753,"LS2 FF800 Storm Sprinter Matt Black Silver Cobalt Full Face Helmet",S,0.0000,
85611753,"LS2 FF800 Storm Sprinter Matt Black Silver Cobalt Full Face Helmet",M,1.0000,
85611753,"LS2 FF800 Storm Sprinter Matt Black Silver Cobalt Full Face Helmet",L,1.0000,
85611753,"LS2 FF800 Storm Sprinter Matt Black Silver Cobalt Full Face Helmet",XL,0.0000,
86948715,"LS2 FF353 RAPID INFINITY MATT BLACK WHITE  Full Face Helmet",S,0.0000,
86948715,"LS2 FF353 RAPID INFINITY MATT BLACK WHITE  Full Face Helmet",M,0.0000,
86948715,"LS2 FF353 RAPID INFINITY MATT BLACK WHITE  Full Face Helmet",L,0.0000,
86948715,"LS2 FF353 RAPID INFINITY MATT BLACK WHITE  Full Face Helmet",XL,0.0000,
87156358,"Helmet Part LS2 Visor Mirror",,1.0000,
90726592,"LS2 MX436 Pioneer Evo Adventurer Matt Black Red Helmet",S,0.0000,
90726592,"LS2 MX436 Pioneer Evo Adventurer Matt Black Red Helmet",M,1.0000,
90726592,"LS2 MX436 Pioneer Evo Adventurer Matt Black Red Helmet",L,1.0000,
90726592,"LS2 MX436 Pioneer Evo Adventurer Matt Black Red Helmet",XL,1.0000,
90729718,"LS2 FF320 Xdorn Matt White Red Helmet",S,0.0000,
90729718,"LS2 FF320 Xdorn Matt White Red Helmet",M,1.0000,
90729718,"LS2 FF320 Xdorn Matt White Red Helmet",L,0.0000,
90729718,"LS2 FF320 Xdorn Matt White Red Helmet",XL,0.0000,
92365828,"LS2-12 Short Mesh Gloves with TPU (Black Red)",S,0.0000,
92365828,"LS2-12 Short Mesh Gloves with TPU (Black Red)",M,0.0000,
92365828,"LS2-12 Short Mesh Gloves with TPU (Black Red)",L,0.0000,
92365828,"LS2-12 Short Mesh Gloves with TPU (Black Red)",XL,0.0000,
92365828,"LS2-12 Short Mesh Gloves with TPU (Black Red)",2XL,0.0000,
92627787,"LS2 FF320 Reflex Gloss Black Silver Helmet",S,0.0000,
92627787,"LS2 FF320 Reflex Gloss Black Silver Helmet",M,1.0000,
92627787,"LS2 FF320 Reflex Gloss Black Silver Helmet",L,0.0000,
92627787,"LS2 FF320 Reflex Gloss Black Silver Helmet",XL,0.0000,
95574884,"LS2 FF352 Brush Matt Black Orange Helmet",S,0.0000,
95574884,"LS2 FF352 Brush Matt Black Orange Helmet",M,0.0000,
95574884,"LS2 FF352 Brush Matt Black Orange Helmet",L,0.0000,
95574884,"LS2 FF352 Brush Matt Black Orange Helmet",XL,0.0000,
97614554,"LS2 FF320 Reflex Gloss Black Blue Helmet",S,0.0000,
97614554,"LS2 FF320 Reflex Gloss Black Blue Helmet",M,1.0000,
97614554,"LS2 FF320 Reflex Gloss Black Blue Helmet",L,0.0000,
97614554,"LS2 FF320 Reflex Gloss Black Blue Helmet",XL,0.0000,
99720269,"LS2 FF800 Storm Sprinter Gloss Black Red Full Face Helmet",S,0.0000,
99720269,"LS2 FF800 Storm Sprinter Gloss Black Red Full Face Helmet",M,0.0000,
99720269,"LS2 FF800 Storm Sprinter Gloss Black Red Full Face Helmet",L,0.0000,
99720269,"LS2 FF800 Storm Sprinter Gloss Black Red Full Face Helmet",XL,0.0000,
99778165,"LS2 MX436 Pioneer Evo White Cobalt Gloss",S,0.0000,
99778165,"LS2 MX436 Pioneer Evo White Cobalt Gloss",M,0.0000,
99778165,"LS2 MX436 Pioneer Evo White Cobalt Gloss",L,1.0000,
99778165,"LS2 MX436 Pioneer Evo White Cobalt Gloss",XL,0.0000,
LS2FF352AFTITANGRN,"LS2 FF352 Airflow Matt Titanium Fluoro Neon Green Full Face Helmet",S,0.0000,
LS2FF352AFTITANGRN,"LS2 FF352 Airflow Matt Titanium Fluoro Neon Green Full Face Helmet",M,0.0000,
LS2FF352AFTITANGRN,"LS2 FF352 Airflow Matt Titanium Fluoro Neon Green Full Face Helmet",L,0.0000,
LS2FF352AFTITANGRN,"LS2 FF352 Airflow Matt Titanium Fluoro Neon Green Full Face Helmet",XL,0.0000,
LS2FF352AFTITORG,"LS2 FF352 Airflow Matt Titanium Orange Full Face Helmet",S,0.0000,
LS2FF352AFTITORG,"LS2 FF352 Airflow Matt Titanium Orange Full Face Helmet",M,0.0000,
LS2FF352AFTITORG,"LS2 FF352 Airflow Matt Titanium Orange Full Face Helmet",L,0.0000,
LS2FF352AFTITORG,"LS2 FF352 Airflow Matt Titanium Orange Full Face Helmet",XL,0.0000,
LS2FF352BrushMatGry,"LS2 FF352 Brush Matt Black Grey Full Face Helmet",S,0.0000,
LS2FF352BrushMatGry,"LS2 FF352 Brush Matt Black Grey Full Face Helmet",M,0.0000,
LS2FF352BrushMatGry,"LS2 FF352 Brush Matt Black Grey Full Face Helmet",L,0.0000,
LS2FF352BrushMatGry,"LS2 FF352 Brush Matt Black Grey Full Face Helmet",XL,0.0000,
LS2FF800SlantBlu,"LS2 FF800 Slant Blue Fluro Orange Matt Helmet",M,0.0000,
LS2FF800SlantBlu,"LS2 FF800 Slant Blue Fluro Orange Matt Helmet",L,0.0000,
