"Product Code","Product Name",Variant,Expected,Counted
07173170,"Raida Rainpro Bike Cover Military Green 2XL",,0.0000,
07897251,"Raida Rainpro Bike Cover Green 3XL",,1.0000,
09659823,"Raida Seasonpro Bike Cover Black L",,2.0000,
10544329,"Raida Avantur Gloves Orange",S,0.0000,
10544329,"Raida Avantur Gloves Orange",M,0.0000,
10544329,"Raida Avantur Gloves Orange",L,0.0000,
10544329,"Raida Avantur Gloves Orange",XL,0.0000,
10544329,"Raida Avantur Gloves Orange",2XL,0.0000,
10706372,"Axor Apex Chrometech Gloss Black Blue Helmet",S,0.0000,
10706372,"Axor Apex Chrometech Gloss Black Blue Helmet",M,1.0000,
10706372,"Axor Apex Chrometech Gloss Black Blue Helmet",L,1.0000,
10706372,"Axor Apex Chrometech Gloss Black Blue Helmet",XL,0.0000,
11527998,"Orazo IBIS Long Boots with Velcro Black",UK6,0.0000,
11527998,"Orazo IBIS Long Boots with Velcro Black",UK7,0.0000,
11527998,"Orazo IBIS Long Boots with Velcro Black",UK8,0.0000,
11527998,"Orazo IBIS Long Boots with Velcro Black",UK9,0.0000,
11527998,"Orazo IBIS Long Boots with Velcro Black",UK10,0.0000,
11527998,"Orazo IBIS Long Boots with Velcro Black",UK11,0.0000,
11527998,"Orazo IBIS Long Boots with Velcro Black",UK12,0.0000,
11634329,"Raida Rainpro Bike Cover Blue 2XL",,1.0000,
11661030,"Raida Hydration Bladder",,1.0000,
11912161,"Axor Apex Venomous Matt Black Neon Green Full Face Helmet",S,0.0000,
11912161,"Axor Apex Venomous Matt Black Neon Green Full Face Helmet",M,0.0000,
11912161,"Axor Apex Venomous Matt Black Neon Green Full Face Helmet",L,0.0000,
11912161,"Axor Apex Venomous Matt Black Neon Green Full Face Helmet",XL,0.0000,
13604013,"Raida Rainpro Bike Cover Orange M",,0.0000,
15653797,"Raida AqDry Waterproof Riding Gloves Hi Viz",S,-1.0000,
15653797,"Raida AqDry Waterproof Riding Gloves Hi Viz",M,0.0000,
15653797,"Raida AqDry Waterproof Riding Gloves Hi Viz",L,0.0000,
15653797,"Raida AqDry Waterproof Riding Gloves Hi Viz",XL,0.0000,
15653797,"Raida AqDry Waterproof Riding Gloves Hi Viz",2XL,0.0000,
15679259,"Axor Apex XBHP Speed Of Thought Full Face Helmet",S,0.0000,
15679259,"Axor Apex XBHP Speed Of Thought Full Face Helmet",M,0.0000,
15679259,"Axor Apex XBHP Speed Of Thought Full Face Helmet",L,0.0000,
15679259,"Axor Apex XBHP Speed Of Thought Full Face Helmet",XL,0.0000,
15679259,"Axor Apex XBHP Speed Of Thought Full Face Helmet",2XL,0.0000,
16419422,"Raida Rover Riding Pants",L,0.0000,
16419422,"Raida Rover Riding Pants",3XL,1.0000,
16419422,"Raida Rover Riding Pants",4XL,-1.0000,
16431640,"Axor Apex Hunter Gloss Black Green Full Face Helmet",S,0.0000,
16431640,"Axor Apex Hunter Gloss Black Green Full Face Helmet",M,0.0000,
16431640,"Axor Apex Hunter Gloss Black Green Full Face Helmet",L,0.0000,
16431640,"Axor Apex Hunter Gloss Black Green Full Face Helmet",XL,0.0000,
16431640,"Axor Apex Hunter Gloss Black Green Full Face Helmet",2XL,0.0000,
19344356,"Tarmac Rapid Gloves Black",S,0.0000,
19344356,"Tarmac Rapid Gloves Black",M,0.0000,
19344356,"Tarmac Rapid Gloves Black",L,0.0000,
19344356,"Tarmac Rapid Gloves Black",XL,0.0000,
19344356,"Tarmac Rapid Gloves Black",2XL,0.0000,
20145612,"Raida S100 Sunglasses","Icy Blue",0.0000,
20145612,"Raida S100 Sunglasses","Revo Red",1.0000,
20145612,"Raida S100 Sunglasses","Solid Orange",1.0000,
21095532,"Axor Apex Venomous Gloss Black Blue Full Face Helmet",S,0.0000,
21095532,"Axor Apex Venomous Gloss Black Blue Full Face Helmet",M,0.0000,
21095532,"Axor Apex Venomous Gloss Black Blue Full Face Helmet",L,0.0000,
21095532,"Axor Apex Venomous Gloss Black Blue Full Face Helmet",XL,0.0000,
21095532,"Axor Apex Venomous Gloss Black Blue Full Face Helmet",2XL,0.0000,
21278510,"Axor Apex Hunter Matt Black Green Full Face Helmet",S,0.0000,
21278510,"Axor Apex Hunter Matt Black Green Full Face Helmet",M,0.0000,
21278510,"Axor Apex Hunter Matt Black Green Full Face Helmet",L,0.0000,
21278510,"Axor Apex Hunter Matt Black Green Full Face Helmet",XL,0.0000,
21278510,"Axor Apex Hunter Matt Black Green Full Face Helmet",2XL,0.0000,
21704303,"Raida RainPro Bike Cover Blue L",,-1.0000,
24924980,"Axor Apex Turbine Matt Black Red Full Face Helmet",S,0.0000,
24924980,"Axor Apex Turbine Matt Black Red Full Face Helmet",M,0.0000,
24924980,"Axor Apex Turbine Matt Black Red Full Face Helmet",L,0.0000,
24924980,"Axor Apex Turbine Matt Black Red Full Face Helmet",XL,0.0000,
27073527,"Helmet Part Axor Apex Clear Visor with Antifog",,-2.0000,
27945127,"Orazo PICUS Short Boots with Velcro (Black)",UK6,0.0000,
27945127,"Orazo PICUS Short Boots with Velcro (Black)",UK7,0.0000,
27945127,"Orazo PICUS Short Boots with Velcro (Black)",UK8,0.0000,
27945127,"Orazo PICUS Short Boots with Velcro (Black)",UK9,0.0000,
27945127,"Orazo PICUS Short Boots with Velcro (Black)",UK10,1.0000,
27945127,"Orazo PICUS Short Boots with Velcro (Black)",UK11,0.0000,
27945127,"Orazo PICUS Short Boots with Velcro (Black)",UK12,0.0000,
28071744,"Raida Drymax Rain Jacket Hi Viz Green",S,0.0000,
28071744,"Raida Drymax Rain Jacket Hi Viz Green",M,0.0000,
28071744,"Raida Drymax Rain Jacket Hi Viz Green",L,1.0000,
28071744,"Raida Drymax Rain Jacket Hi Viz Green",XL,0.0000,
28071744,"Raida Drymax Rain Jacket Hi Viz Green",2XL,0.0000,
28071744,"Raida Drymax Rain Jacket Hi Viz Green",3XL,0.0000,
29117002,"Axor Street Batman Gloss Black Grey Full Face Helmet",S,0.0000,
29117002,"Axor Street Batman Gloss Black Grey Full Face Helmet",M,1.0000,
29117002,"Axor Street Batman Gloss Black Grey Full Face Helmet",L,0.0000,
29117002,"Axor Street Batman Gloss Black Grey Full Face Helmet",XL,0.0000,
29264739,"Axor Apex Ride Fast Gloss Black Red Full Face Helmet",S,0.0000,
29264739,"Axor Apex Ride Fast Gloss Black Red Full Face Helmet",M,0.0000,
29264739,"Axor Apex Ride Fast Gloss Black Red Full Face Helmet",L,0.0000,
29264739,"Axor Apex Ride Fast Gloss Black Red Full Face Helmet",XL,0.0000,
31498808,"Axor Rage War Dull/Matt Black Silver Full Face Helmet",S,0.0000,
31498808,"Axor Rage War Dull/Matt Black Silver Full Face Helmet",M,0.0000,
31498808,"Axor Rage War Dull/Matt Black Silver Full Face Helmet",L,0.0000,
31498808,"Axor Rage War Dull/Matt Black Silver Full Face Helmet",XL,0.0000,
31788234,"Helmet Part Axor Apex Visor",Clear,3.0000,
31788234,"Helmet Part Axor Apex Visor",Silver/Mirror,0.0000,
31788234,"Helmet Part Axor Apex Visor",Smoke,2.0000,
31788234,"Helmet Part Axor Apex Visor",Red,0.0000,
31788234,"Helmet Part Axor Apex Visor",Blue,2.0000,
31788234,"Helmet Part Axor Apex Visor",Rainbow,0.0000,
31910831,"Raida Cruisepro Gloves (Red)",S,0.0000,
31910831,"Raida Cruisepro Gloves (Red)",M,0.0000,
31910831,"Raida Cruisepro Gloves (Red)",L,0.0000,
31910831,"Raida Cruisepro Gloves (Red)",XL,0.0000,
31910831,"Raida Cruisepro Gloves (Red)",2XL,0.0000,
32615756,"Raida Rainpro Bike Cover Military Green L",,0.0000,
32645635,"Raida Airwave Gloves White",S,0.0000,
32645635,"Raida Airwave Gloves White",M,1.0000,
32645635,"Raida Airwave Gloves White",L,1.0000,
32645635,"Raida Airwave Gloves White",XL,0.0000,
32645635,"Raida Airwave Gloves White",2XL,1.0000,
33888547,"Raida AqDry Waterproof Riding Gloves Black",S,0.0000,
33888547,"Raida AqDry Waterproof Riding Gloves Black",M,1.0000,
33888547,"Raida AqDry Waterproof Riding Gloves Black",L,0.0000,
33888547,"Raida AqDry Waterproof Riding Gloves Black",XL,1.0000,
33888547,"Raida AqDry Waterproof Riding Gloves Black",2XL,1.0000,
33888547,"Raida AqDry Waterproof Riding Gloves Black",XS,1.0000,
35781085,"Raida RainPro Bike Cover Military Green XL",,0.0000,
37115552,"Tarmac Retro Gloves (Black)",S,0.0000,
37115552,"Tarmac Retro Gloves (Black)",M,1.0000,
37115552,"Tarmac Retro Gloves (Black)",L,0.0000,
37115552,"Tarmac Retro Gloves (Black)",XL,0.0000,
37115552,"Tarmac Retro Gloves (Black)",2XL,0.0000,
38766706,"Raida Airwave Gloves Green",S,0.0000,
38766706,"Raida Airwave Gloves Green",M,0.0000,
38766706,"Raida Airwave Gloves Green",L,1.0000,
38766706,"Raida Airwave Gloves Green",XL,0.0000,
38766706,"Raida Airwave Gloves Green",2XL,0.0000,
39777944,"Axor Flow Riding Jacket Grey",S,0.0000,
39777944,"Axor Flow Riding Jacket Grey",M,0.0000,
39777944,"Axor Flow Riding Jacket Grey",L,0.0000,
39777944,"Axor Flow Riding Jacket Grey",XL,0.0000,
39777944,"Axor Flow Riding Jacket Grey",2XL,0.0000,
39931567,"Raida Bolt Riding Jacket Hi Viz Green",XS,0.0000,
39931567,"Raida Bolt Riding Jacket Hi Viz Green",S,0.0000,
39931567,"Raida Bolt Riding Jacket Hi Viz Green",M,0.0000,
39931567,"Raida Bolt Riding Jacket Hi Viz Green",L,0.0000,
39931567,"Raida Bolt Riding Jacket Hi Viz Green",XL,0.0000,
39931567,"Raida Bolt Riding Jacket Hi Viz Green",2XL,0.0000,
39931567,"Raida Bolt Riding Jacket Hi Viz Green",3XL,0.0000,
39931567,"Raida Bolt Riding Jacket Hi Viz Green",4XL,0.0000,
39931567,"Raida Bolt Riding Jacket Hi Viz Green",5XL,0.0000,
40217180,"Raida Tourer Riding Boots (Hi-Viz)",UK6,0.0000,
40217180,"Raida Tourer Riding Boots (Hi-Viz)",UK7,0.0000,
40217180,"Raida Tourer Riding Boots (Hi-Viz)",UK8,0.0000,
40217180,"Raida Tourer Riding Boots (Hi-Viz)",UK9,0.0000,
40217180,"Raida Tourer Riding Boots (Hi-Viz)",UK10,2.0000,
40217180,"Raida Tourer Riding Boots (Hi-Viz)",UK11,1.0000,
40217180,"Raida Tourer Riding Boots (Hi-Viz)",UK12,0.0000,
41344042,"Axor Apex Turbine Matt Black Orange Full Face Helmet",S,0.0000,
41344042,"Axor Apex Turbine Matt Black Orange Full Face Helmet",M,0.0000,
41344042,"Axor Apex Turbine Matt Black Orange Full Face Helmet",L,0.0000,
41344042,"Axor Apex Turbine Matt Black Orange Full Face Helmet",XL,0.0000,
41775232,"Raida G Series Saddlebags",,2.0000,
42246915,"Tarmac Drift Riding Pants (Black)",S,0.0000,
42246915,"Tarmac Drift Riding Pants (Black)",M,0.0000,
42246915,"Tarmac Drift Riding Pants (Black)",L,0.0000,
42246915,"Tarmac Drift Riding Pants (Black)",XL,0.0000,
42246915,"Tarmac Drift Riding Pants (Black)",2XL,0.0000,
42246915,"Tarmac Drift Riding Pants (Black)",3XL,0.0000,
42246915,"Tarmac Drift Riding Pants (Black)",4XL,0.0000,
42246915,"Tarmac Drift Riding Pants (Black)",5XL,0.0000,
42246915,"Tarmac Drift Riding Pants (Black)",6XL,0.0000,
42246915,"Tarmac Drift Riding Pants (Black)",7XL,0.0000,
43796243,"Axor Cruise 2 Riding Jacket Black Neon Yellow",S,0.0000,
43796243,"Axor Cruise 2 Riding Jacket Black Neon Yellow",M,0.0000,
43796243,"Axor Cruise 2 Riding Jacket Black Neon Yellow",L,0.0000,
43796243,"Axor Cruise 2 Riding Jacket Black Neon Yellow",XL,0.0000,
43796243,"Axor Cruise 2 Riding Jacket Black Neon Yellow",2XL,0.0000,
44834741,"Helmet Part Axor Street Visor",Clear,1.0000,
44834741,"Helmet Part Axor Street Visor",Smoke,1.0000,
44834741,"Helmet Part Axor Street Visor",Mirror,0.0000,
44834741,"Helmet Part Axor Street Visor",Blue,1.0000,
44834741,"Helmet Part Axor Street Visor",Red,0.0000,
44845278,"Tarmac Adventure Pro Boots (Black)",38,0.0000,
44845278,"Tarmac Adventure Pro Boots (Black)",39,0.0000,
44845278,"Tarmac Adventure Pro Boots (Black)",40,0.0000,
44845278,"Tarmac Adventure Pro Boots (Black)",41,0.0000,
44845278,"Tarmac Adventure Pro Boots (Black)",42,1.0000,
44845278,"Tarmac Adventure Pro Boots (Black)",43,0.0000,
44845278,"Tarmac Adventure Pro Boots (Black)",44,0.0000,
44845278,"Tarmac Adventure Pro Boots (Black)",45,1.0000,
44845278,"Tarmac Adventure Pro Boots (Black)",46,0.0000,
45286293,"Raida Dryporter Tailbag",Black,1.0000,
45286293,"Raida Dryporter Tailbag","Hi Viz",0.0000,
45854251,"Raida Rainpro Bike Cover Blue 3XL",,0.0000,
46636895,"Axor Apex Turbine Gloss Black Neon/Yellow Grey Full Face Helmet",S,0.0000,
46636895,"Axor Apex Turbine Gloss Black Neon/Yellow Grey Full Face Helmet",M,0.0000,
46636895,"Axor Apex Turbine Gloss Black Neon/Yellow Grey Full Face Helmet",L,0.0000,
46636895,"Axor Apex Turbine Gloss Black Neon/Yellow Grey Full Face Helmet",XL,0.0000,
46636895,"Axor Apex Turbine Gloss Black Neon/Yellow Grey Full Face Helmet",2XL,0.0000,
47045537,"Helmet Part Axor Apex Visor Iridium Red with Antifog",,0.0000,
47578443,"Axor Apex Hunter Gloss Black Red Full Face Helmet",S,0.0000,
47578443,"Axor Apex Hunter Gloss Black Red Full Face Helmet",M,0.0000,
47578443,"Axor Apex Hunter Gloss Black Red Full Face Helmet",L,0.0000,
47578443,"Axor Apex Hunter Gloss Black Red Full Face Helmet",XL,0.0000,
47578443,"Axor Apex Hunter Gloss Black Red Full Face Helmet",2XL,0.0000,
47579232,"Orazo PICUS Short Boots with Velcro (Cocoa)",UK6,0.0000,
47579232,"Orazo PICUS Short Boots with Velcro (Cocoa)",UK7,0.0000,
47579232,"Orazo PICUS Short Boots with Velcro (Cocoa)",UK8,0.0000,
47579232,"Orazo PICUS Short Boots with Velcro (Cocoa)",UK9,0.0000,
47579232,"Orazo PICUS Short Boots with Velcro (Cocoa)",UK10,0.0000,
47579232,"Orazo PICUS Short Boots with Velcro (Cocoa)",UK11,0.0000,
47579232,"Orazo PICUS Short Boots with Velcro (Cocoa)",UK12,0.0000,
47598803,"Tarmac Blade II Riding Boots (Black)",40,0.0000,
47598803,"Tarmac Blade II Riding Boots (Black)",41,0.0000,
47598803,"Tarmac Blade II Riding Boots (Black)",42,0.0000,
47598803,"Tarmac Blade II Riding Boots (Black)",43,-1.0000,
47598803,"Tarmac Blade II Riding Boots (Black)",44,1.0000,
47598803,"Tarmac Blade II Riding Boots (Black)",45,0.0000,
47651995,"Raida Tourer Riding Boots (Grey)",UK6,0.0000,
47651995,"Raida Tourer Riding Boots (Grey)",UK7,0.0000,
47651995,"Raida Tourer Riding Boots (Grey)",UK8,0.0000,
47651995,"Raida Tourer Riding Boots (Grey)",UK9,0.0000,
47651995,"Raida Tourer Riding Boots (Grey)",UK10,1.0000,
47651995,"Raida Tourer Riding Boots (Grey)",UK11,1.0000,
47651995,"Raida Tourer Riding Boots (Grey)",UK12,0.0000,
48244970,"Helmet Part Axor Apex Visor Iridium Blue with Antifog",,2.0000,
49418958,"Raida Balaclava",Black,2.0000,
49835532,"Axor Slipstream Boots Black Blue",UK5,0.0000,
49835532,"Axor Slipstream Boots Black Blue",UK6,0.0000,
49835532,"Axor Slipstream Boots Black Blue",UK7,0.0000,
49835532,"Axor Slipstream Boots Black Blue",UK8,0.0000,
49835532,"Axor Slipstream Boots Black Blue",UK9,0.0000,
49835532,"Axor Slipstream Boots Black Blue",UK10,0.0000,
49835532,"Axor Slipstream Boots Black Blue",UK11,0.0000,
49835532,"Axor Slipstream Boots Black Blue",UK12,0.0000,
50040699,"Axor Apex Hex 2 Gloss Neon Yellow Blue Helmet",S,0.0000,
50040699,"Axor Apex Hex 2 Gloss Neon Yellow Blue Helmet",M,1.0000,
50040699,"Axor Apex Hex 2 Gloss Neon Yellow Blue Helmet",L,0.0000,
50040699,"Axor Apex Hex 2 Gloss Neon Yellow Blue Helmet",XL,0.0000,
50040699,"Axor Apex Hex 2 Gloss Neon Yellow Blue Helmet",2XL,0.0000,
50432513,"Axor Flow Riding Jacket Neon Green",S,0.0000,
50432513,"Axor Flow Riding Jacket Neon Green",M,0.0000,
50432513,"Axor Flow Riding Jacket Neon Green",L,0.0000,
50432513,"Axor Flow Riding Jacket Neon Green",XL,0.0000,
50432513,"Axor Flow Riding Jacket Neon Green",2XL,0.0000,
50786028,"Axor Apex Turbine Gloss Black Blue Full Face Helmet",S,0.0000,
50786028,"Axor Apex Turbine Gloss Black Blue Full Face Helmet",M,0.0000,
50786028,"Axor Apex Turbine Gloss Black Blue Full Face Helmet",L,0.0000,
50786028,"Axor Apex Turbine Gloss Black Blue Full Face Helmet",XL,0.0000,
52912236,"Axor Apex Turbine Matt Black Neon/Yellow Grey Full Face Helmet",S,0.0000,
52912236,"Axor Apex Turbine Matt Black Neon/Yellow Grey Full Face Helmet",M,0.0000,
52912236,"Axor Apex Turbine Matt Black Neon/Yellow Grey Full Face Helmet",L,0.0000,
52912236,"Axor Apex Turbine Matt Black Neon/Yellow Grey Full Face Helmet",XL,0.0000,
53532225,"Raida Tourbine Mesh Jacket Grey",S,0.0000,
53532225,"Raida Tourbine Mesh Jacket Grey",M,0.0000,
53532225,"Raida Tourbine Mesh Jacket Grey",L,0.0000,
53532225,"Raida Tourbine Mesh Jacket Grey",XL,0.0000,
53532225,"Raida Tourbine Mesh Jacket Grey",2XL,0.0000,
53532225,"Raida Tourbine Mesh Jacket Grey",3XL,0.0000,
53532225,"Raida Tourbine Mesh Jacket Grey",4XL,0.0000,
53532225,"Raida Tourbine Mesh Jacket Grey",5XL,0.0000,
53659541,"Axor Apex DC Joker Gloss White Green Full Face Helmet",S,0.0000,
53659541,"Axor Apex DC Joker Gloss White Green Full Face Helmet",M,1.0000,
53659541,"Axor Apex DC Joker Gloss White Green Full Face Helmet",L,1.0000,
53659541,"Axor Apex DC Joker Gloss White Green Full Face Helmet",XL,0.0000,
53659541,"Axor Apex DC Joker Gloss White Green Full Face Helmet",2XL,0.0000,
53892667,"Axor Jarvis Green Black Full Face Helmet",,1.0000,
54029345,"Raida Rainpro Bike Cover Military Green M",,0.0000,
54381516,"Axor Apex Venomous Matt Black Grey Full Face Helmet",S,0.0000,
54381516,"Axor Apex Venomous Matt Black Grey Full Face Helmet",M,1.0000,
54381516,"Axor Apex Venomous Matt Black Grey Full Face Helmet",L,1.0000,
54381516,"Axor Apex Venomous Matt Black Grey Full Face Helmet",XL,0.0000,
54625208,"Axor Apex Venomous Matt Black Blue Full Face Helmet",S,0.0000,
54625208,"Axor Apex Venomous Matt Black Blue Full Face Helmet",M,0.0000,
54625208,"Axor Apex Venomous Matt Black Blue Full Face Helmet",L,0.0000,
54625208,"Axor Apex Venomous Matt Black Blue Full Face Helmet",XL,0.0000,
59431232,"Raida Thrux Motorcycle Thigh Bag",,0.0000,
59690372,"Orazo IBIS Long Boots with Velcro Cocoa",UK6,0.0000,
59690372,"Orazo IBIS Long Boots with Velcro Cocoa",UK7,0.0000,
59690372,"Orazo IBIS Long Boots with Velcro Cocoa",UK8,0.0000,
59690372,"Orazo IBIS Long Boots with Velcro Cocoa",UK9,0.0000,
59690372,"Orazo IBIS Long Boots with Velcro Cocoa",UK10,0.0000,
59690372,"Orazo IBIS Long Boots with Velcro Cocoa",UK11,0.0000,
59690372,"Orazo IBIS Long Boots with Velcro Cocoa",UK12,0.0000,
61576863,"Axor Apex Ride Fast Gloss Black Blue Full Face Helmet",S,0.0000,
61576863,"Axor Apex Ride Fast Gloss Black Blue Full Face Helmet",M,0.0000,
61576863,"Axor Apex Ride Fast Gloss Black Blue Full Face Helmet",L,0.0000,
61576863,"Axor Apex Ride Fast Gloss Black Blue Full Face Helmet",XL,0.0000,
62002482,"Raida GPS Series Tankbag",Grey,1.0000,
62002482,"Raida GPS Series Tankbag",Orange,-1.0000,
62524175,"Raida Bolt Riding Jacket Red",XS,0.0000,
62524175,"Raida Bolt Riding Jacket Red",S,0.0000,
62524175,"Raida Bolt Riding Jacket Red",M,4.0000,
62524175,"Raida Bolt Riding Jacket Red",L,2.0000,
62524175,"Raida Bolt Riding Jacket Red",XL,0.0000,
62524175,"Raida Bolt Riding Jacket Red",2XL,0.0000,
62524175,"Raida Bolt Riding Jacket Red",3XL,0.0000,
62524175,"Raida Bolt Riding Jacket Red",4XL,0.0000,
62524175,"Raida Bolt Riding Jacket Red",5XL,0.0000,
65010839,"Raida Avantur Gloves Red",S,0.0000,
65010839,"Raida Avantur Gloves Red",M,0.0000,
65010839,"Raida Avantur Gloves Red",L,0.0000,
65010839,"Raida Avantur Gloves Red",XL,0.0000,
65010839,"Raida Avantur Gloves Red",2XL,1.0000,
65397747,"Raida V50 Saddlebags","Hi Viz",2.0000,
65397747,"Raida V50 Saddlebags",Orange,1.0000,
65770787,"Axor Street Batman Gloss Black Red Full Face Helmet",S,0.0000,
65770787,"Axor Street Batman Gloss Black Red Full Face Helmet",M,0.0000,
65770787,"Axor Street Batman Gloss Black Red Full Face Helmet",L,0.0000,
65770787,"Axor Street Batman Gloss Black Red Full Face Helmet",XL,0.0000,
65819071,"Axor Street Full Face Helmet Batman Dull/Matt Anthracite Black",S,0.0000,
65819071,"Axor Street Full Face Helmet Batman Dull/Matt Anthracite Black",M,1.0000,
65819071,"Axor Street Full Face Helmet Batman Dull/Matt Anthracite Black",L,0.0000,
65819071,"Axor Street Full Face Helmet Batman Dull/Matt Anthracite Black",XL,0.0000,
66316923,"Raida SeasonPro Bike Cover Black XL",Black,0.0000,
66874600,"Orazo PICUS Short Boots with Laces",UK6,0.0000,
66874600,"Orazo PICUS Short Boots with Laces",UK7,0.0000,
66874600,"Orazo PICUS Short Boots with Laces",UK8,0.0000,
66874600,"Orazo PICUS Short Boots with Laces",UK9,0.0000,
66874600,"Orazo PICUS Short Boots with Laces",UK10,0.0000,
66874600,"Orazo PICUS Short Boots with Laces",UK11,0.0000,
66874600,"Orazo PICUS Short Boots with Laces",UK12,0.0000,
67126572,"Helmet Part Axor Apex Visor Mechanism Kit",,3.0000,
69901975,"Raida Airwave Gloves Red",S,0.0000,
69901975,"Raida Airwave Gloves Red",M,0.0000,
69901975,"Raida Airwave Gloves Red",L,0.0000,
69901975,"Raida Airwave Gloves Red",XL,0.0000,
69901975,"Raida Airwave Gloves Red",2XL,0.0000,
70417621,"Axor Apex Vivid Gloss Black Neon Yellow Full Face Helmet",S,0.0000,
70417621,"Axor Apex Vivid Gloss Black Neon Yellow Full Face Helmet",M,0.0000,
70417621,"Axor Apex Vivid Gloss Black Neon Yellow Full Face Helmet",L,0.0000,
70417621,"Axor Apex Vivid Gloss Black Neon Yellow Full Face Helmet",XL,0.0000,
70661736,"Raida Seasonpro Bike Cover Black Orange 2XL",,0.0000,
70787317,"Axor Apex Hex 2 Gloss Blue Red Full Face Helmet",S,0.0000,
70787317,"Axor Apex Hex 2 Gloss Blue Red Full Face Helmet",M,1.0000,
70787317,"Axor Apex Hex 2 Gloss Blue Red Full Face Helmet",L,0.0000,
70787317,"Axor Apex Hex 2 Gloss Blue Red Full Face Helmet",XL,0.0000,
71802586,"Helmet Part Axor Rage Visor",Clear,1.0000,
71802586,"Helmet Part Axor Rage Visor",Mirror,0.0000,
71802586,"Helmet Part Axor Rage Visor",Rainbow,0.0000,
71802586,"Helmet Part Axor Rage Visor",Smoke,0.0000,
72062129,"RYO Conquer Riding Boots Black",40,0.0000,
72062129,"RYO Conquer Riding Boots Black",41,0.0000,
72062129,"RYO Conquer Riding Boots Black",42,0.0000,
72062129,"RYO Conquer Riding Boots Black",43,1.0000,
72062129,"RYO Conquer Riding Boots Black",44,1.0000,
72062129,"RYO Conquer Riding Boots Black",45,1.0000,
72062129,"RYO Conquer Riding Boots Black",46,0.0000,
72821961,"Axor Slipstream Boots Black Neon Green",UK5,0.0000,
72821961,"Axor Slipstream Boots Black Neon Green",UK6,0.0000,
72821961,"Axor Slipstream Boots Black Neon Green",UK7,0.0000,
72821961,"Axor Slipstream Boots Black Neon Green",UK8,0.0000,
72821961,"Axor Slipstream Boots Black Neon Green",UK9,0.0000,
72821961,"Axor Slipstream Boots Black Neon Green",UK10,0.0000,
72821961,"Axor Slipstream Boots Black Neon Green",UK11,0.0000,
72821961,"Axor Slipstream Boots Black Neon Green",UK12,0.0000,
74687536,"Axor Slipstream Boots Black Red",UK7,0.0000,
74687536,"Axor Slipstream Boots Black Red",UK8,0.0000,
74687536,"Axor Slipstream Boots Black Red",UK9,0.0000,
74687536,"Axor Slipstream Boots Black Red",UK10,1.0000,
74687536,"Axor Slipstream Boots Black Red",UK11,0.0000,
74699910,"Raida Aqdry Waterproof Riding Gloves Black Red",S,1.0000,
74699910,"Raida Aqdry Waterproof Riding Gloves Black Red",M,0.0000,
74699910,"Raida Aqdry Waterproof Riding Gloves Black Red",L,1.0000,
74699910,"Raida Aqdry Waterproof Riding Gloves Black Red",XL,0.0000,
74981024,"Raida RainPro Bike Cover Orange XL",,0.0000,
75555515,"Raida Avantur Gloves Hi Viz Green",S,0.0000,
75555515,"Raida Avantur Gloves Hi Viz Green",M,0.0000,
75555515,"Raida Avantur Gloves Hi Viz Green",L,0.0000,
75555515,"Raida Avantur Gloves Hi Viz Green",XL,0.0000,
75555515,"Raida Avantur Gloves Hi Viz Green",2XL,0.0000,
76033738,"Axor Flow Riding Jacket Red",S,0.0000,
76033738,"Axor Flow Riding Jacket Red",M,0.0000,
76033738,"Axor Flow Riding Jacket Red",L,0.0000,
76033738,"Axor Flow Riding Jacket Red",XL,0.0000,
76033738,"Axor Flow Riding Jacket Red",2XL,0.0000,
76620228,"Axor Shield Armour Black Green",S,0.0000,
76620228,"Axor Shield Armour Black Green",M,0.0000,
76620228,"Axor Shield Armour Black Green",L,0.0000,
76620228,"Axor Shield Armour Black Green",XL,0.0000,
76620228,"Axor Shield Armour Black Green",2XL,0.0000,
76935541,"Tarmac Drift II Level 2 Riding Pants",XL,0.0000,
76935541,"Tarmac Drift II Level 2 Riding Pants",4XL,0.0000,
78642570,"Raida Touring Balaclava",,2.0000,
78986659,"Raida Tourer Riding Boots (Red)",UK6,0.0000,
78986659,"Raida Tourer Riding Boots (Red)",UK7,1.0000,
78986659,"Raida Tourer Riding Boots (Red)",UK8,0.0000,
78986659,"Raida Tourer Riding Boots (Red)",UK9,1.0000,
78986659,"Raida Tourer Riding Boots (Red)",UK10,2.0000,
78986659,"Raida Tourer Riding Boots (Red)",UK11,0.0000,
78986659,"Raida Tourer Riding Boots (Red)",UK12,0.0000,
79073482,"Raida RainPro Bike Cover Blue XL",,-1.0000,
79230367,"Axor Apex Solid Matt Black Full Face Helmet",S,0.0000,
79230367,"Axor Apex Solid Matt Black Full Face Helmet",M,0.0000,
79230367,"Axor Apex Solid Matt Black Full Face Helmet",L,0.0000,
79230367,"Axor Apex Solid Matt Black Full Face Helmet",XL,0.0000,
79848267,"Axor Apex Chrometech Gloss Black Red Helmet",S,0.0000,
79848267,"Axor Apex Chrometech Gloss Black Red Helmet",M,1.0000,
79848267,"Axor Apex Chrometech Gloss Black Red Helmet",L,1.0000,
79848267,"Axor Apex Chrometech Gloss Black Red Helmet",XL,1.0000,
80145940,"Axor Street Gloss Black Full Face Helmet",S,0.0000,
80145940,"Axor Street Gloss Black Full Face Helmet",M,0.0000,
80145940,"Axor Street Gloss Black Full Face Helmet",L,0.0000,
80145940,"Axor Street Gloss Black Full Face Helmet",XL,0.0000,
85173391,"Raida Tourbine Mesh Jacket Black",S,0.0000,
85173391,"Raida Tourbine Mesh Jacket Black",M,0.0000,
85173391,"Raida Tourbine Mesh Jacket Black",L,0.0000,
85173391,"Raida Tourbine Mesh Jacket Black",XL,0.0000,
85173391,"Raida Tourbine Mesh Jacket Black",2XL,0.0000,
85173391,"Raida Tourbine Mesh Jacket Black",3XL,0.0000,
85173391,"Raida Tourbine Mesh Jacket Black",4XL,0.0000,
85173391,"Raida Tourbine Mesh Jacket Black",5XL,0.0000,
85183915,"Axor Apex Vivid Matt Black Neon Yellow Full Face Helmet",S,0.0000,
85183915,"Axor Apex Vivid Matt Black Neon Yellow Full Face Helmet",M,0.0000,
85183915,"Axor Apex Vivid Matt Black Neon Yellow Full Face Helmet",L,0.0000,
85183915,"Axor Apex Vivid Matt Black Neon Yellow Full Face Helmet",XL,0.0000,
85322445,"Raida Avantur Gloves Black",S,0.0000,
85322445,"Raida Avantur Gloves Black",M,0.0000,
85322445,"Raida Avantur Gloves Black",L,0.0000,
85322445,"Raida Avantur Gloves Black",XL,0.0000,
85322445,"Raida Avantur Gloves Black",2XL,2.0000,
87996307,"Axor Knee Guard Brace Black Red",M,0.0000,
87996307,"Axor Knee Guard Brace Black Red",L,0.0000,
88228215,"Axor Rage Full Face Helmet RTR Gloss Black Red",S,0.0000,
88228215,"Axor Rage Full Face Helmet RTR Gloss Black Red",M,1.0000,
88228215,"Axor Rage Full Face Helmet RTR Gloss Black Red",L,0.0000,
88228215,"Axor Rage Full Face Helmet RTR Gloss Black Red",XL,0.0000,
88473737,"Axor Apex Tiki Dull/Matt Black Red Helmet",S,0.0000,
88473737,"Axor Apex Tiki Dull/Matt Black Red Helmet",M,0.0000,
88473737,"Axor Apex Tiki Dull/Matt Black Red Helmet",L,0.0000,
88473737,"Axor Apex Tiki Dull/Matt Black Red Helmet",XL,0.0000,
89465550,"Helmet Part Axor Apex Spoiler",,0.0000,
90746562,"Raida Metro Tankbag",,0.0000,
91139337,"Axor Street Bobby  Gloss Black Blue Helmet",S,0.0000,
91139337,"Axor Street Bobby  Gloss Black Blue Helmet",M,0.0000,
91139337,"Axor Street Bobby  Gloss Black Blue Helmet",L,0.0000,
91139337,"Axor Street Bobby  Gloss Black Blue Helmet",XL,0.0000,
91139337,"Axor Street Bobby  Gloss Black Blue Helmet",2XL,0.0000,
91264956,"Tarmac Adventure Pro Boots (Brown)",38,0.0000,
91264956,"Tarmac Adventure Pro Boots (Brown)",39,0.0000,
91264956,"Tarmac Adventure Pro Boots (Brown)",40,1.0000,
91264956,"Tarmac Adventure Pro Boots (Brown)",41,0.0000,
91264956,"Tarmac Adventure Pro Boots (Brown)",42,0.0000,
91264956,"Tarmac Adventure Pro Boots (Brown)",43,0.0000,
91264956,"Tarmac Adventure Pro Boots (Brown)",44,1.0000,
91264956,"Tarmac Adventure Pro Boots (Brown)",45,1.0000,
92596344,"Axor Apex Venomous Gloss Black Neon Blue Full Face Helmet",S,0.0000,
92596344,"Axor Apex Venomous Gloss Black Neon Blue Full Face Helmet",M,1.0000,
92596344,"Axor Apex Venomous Gloss Black Neon Blue Full Face Helmet",L,0.0000,
92596344,"Axor Apex Venomous Gloss Black Neon Blue Full Face Helmet",XL,0.0000,
93399416,"Axor Apex Turbine Gloss Black Red Full Face Helmet",S,0.0000,
93399416,"Axor Apex Turbine Gloss Black Red Full Face Helmet",M,0.0000,
93399416,"Axor Apex Turbine Gloss Black Red Full Face Helmet",L,0.0000,
93399416,"Axor Apex Turbine Gloss Black Red Full Face Helmet",XL,0.0000,
93456798,"Axor Apex Marvel Venom Gloss Black Red Helmet",S,0.0000,
93456798,"Axor Apex Marvel Venom Gloss Black Red Helmet",M,1.0000,
93456798,"Axor Apex Marvel Venom Gloss Black Red Helmet",L,1.0000,
93456798,"Axor Apex Marvel Venom Gloss Black Red Helmet",XL,0.0000,
94622196,"Axor Street Okami Black Blue Full Face Helmet",S,0.0000,
94622196,"Axor Street Okami Black Blue Full Face Helmet",M,0.0000,
94622196,"Axor Street Okami Black Blue Full Face Helmet",L,1.0000,
94622196,"Axor Street Okami Black Blue Full Face Helmet",XL,0.0000,
94791021,"Raida Hydration Bag Combo",Grey,0.0000,
94791021,"Raida Hydration Bag Combo",Neon,0.0000,
94847320,"Raida Cruisepro Gloves (Black)",S,0.0000,
94847320,"Raida Cruisepro Gloves (Black)",M,0.0000,
94847320,"Raida Cruisepro Gloves (Black)",L,1.0000,
94847320,"Raida Cruisepro Gloves (Black)",XL,1.0000,
94847320,"Raida Cruisepro Gloves (Black)",2XL,0.0000,
95499758,"Raida T100 Sunglasses Icy Blue","Icy Blue",1.0000,
95499758,"Raida T100 Sunglasses Icy Blue","Revo Red",0.0000,
95499758,"Raida T100 Sunglasses Icy Blue","Solid Orange",1.0000,
95760475,"Tarmac Rapid Gloves Black/White/Red",S,0.0000,
95760475,"Tarmac Rapid Gloves Black/White/Red",M,0.0000,
95760475,"Tarmac Rapid Gloves Black/White/Red",L,0.0000,
95760475,"Tarmac Rapid Gloves Black/White/Red",XL,0.0000,
95760475,"Tarmac Rapid Gloves Black/White/Red",2XL,1.0000,
96023782,"Helmet Part Axor Apex Padding Set",S,0.0000,
96023782,"Helmet Part Axor Apex Padding Set",M,1.0000,
96023782,"Helmet Part Axor Apex Padding Set",L,1.0000,
96023782,"Helmet Part Axor Apex Padding Set",XL,0.0000,
96487916,"Axor Apex Turbine Gloss Black Orange Full Face Helmet",S,0.0000,
96487916,"Axor Apex Turbine Gloss Black Orange Full Face Helmet",M,0.0000,
96487916,"Axor Apex Turbine Gloss Black Orange Full Face Helmet",L,0.0000,
96487916,"Axor Apex Turbine Gloss Black Orange Full Face Helmet",XL,0.0000,
97292702,"Axor Apex Solid Gloss Black Full Face Helmet",S,0.0000,
97292702,"Axor Apex Solid Gloss Black Full Face Helmet",M,1.0000,
97292702,"Axor Apex Solid Gloss Black Full Face Helmet",L,1.0000,
97292702,"Axor Apex Solid Gloss Black Full Face Helmet",XL,0.0000,
97292702,"Axor Apex Solid Gloss Black Full Face Helmet",2XL,1.0000,
97718479,"Axor Apex Hunter Matt Black Red Full Face Helmet",S,0.0000,
97718479,"Axor Apex Hunter Matt Black Red Full Face Helmet",M,0.0000,
97718479,"Axor Apex Hunter Matt Black Red Full Face Helmet",L,0.0000,
97718479,"Axor Apex Hunter Matt Black Red Full Face Helmet",XL,0.0000,
97718479,"Axor Apex Hunter Matt Black Red Full Face Helmet",2XL,0.0000,
98261351,"Axor Apex Venomous Gloss Black Neon Green Full Face Helmet",S,0.0000,
98261351,"Axor Apex Venomous Gloss Black Neon Green Full Face Helmet",M,0.0000,
98261351,"Axor Apex Venomous Gloss Black Neon Green Full Face Helmet",L,0.0000,
98261351,"Axor Apex Venomous Gloss Black Neon Green Full Face Helmet",XL,1.0000,
98261351,"Axor Apex Venomous Gloss Black Neon Green Full Face Helmet",2XL,0.0000,
98674090,"Axor Apex Venomous Gloss Black Grey Full Face Helmet",S,0.0000,
98674090,"Axor Apex Venomous Gloss Black Grey Full Face Helmet",M,1.0000,
98674090,"Axor Apex Venomous Gloss Black Grey Full Face Helmet",L,0.0000,
98674090,"Axor Apex Venomous Gloss Black Grey Full Face Helmet",XL,0.0000,
98674090,"Axor Apex Venomous Gloss Black Grey Full Face Helmet",2XL,0.0000,
99113811,"Raida Seasonpro Bike Cover Black 2XL",,0.0000,
AxrApxHex2GlRd,"Axor Apex Hex 2 Gloss Cool Grey Red Helmet",S,0.0000,
AxrApxHex2GlRd,"Axor Apex Hex 2 Gloss Cool Grey Red Helmet",M,1.0000,
AxrApxHex2GlRd,"Axor Apex Hex 2 Gloss Cool Grey Red Helmet",L,1.0000,
AxrApxHex2GlRd,"Axor Apex Hex 2 Gloss Cool Grey Red Helmet",XL,0.0000,
RaidaDiscBoots,"Raida Discover Riding Boots",UK6,0.0000,
RaidaDiscBoots,"Raida Discover Riding Boots",UK7,0.0000,
RaidaDiscBoots,"Raida Discover Riding Boots",UK8,0.0000,
RaidaDiscBoots,"Raida Discover Riding Boots",UK9,0.0000,
RaidaDiscBoots,"Raida Discover Riding Boots",UK10,1.0000,
RaidaDiscBoots,"Raida Discover Riding Boots",UK11,0.0000,
RaidaDiscBoots,"Raida Discover Riding Boots",UK12,1.0000,
RaidaExplBoots,"Raida Explorer Boots Grey",UK5,0.0000,
RaidaExplBoots,"Raida Explorer Boots Grey",UK6,0.0000,
RaidaExplBoots,"Raida Explorer Boots Grey",UK7,0.0000,
RaidaExplBoots,"Raida Explorer Boots Grey",UK8,1.0000,
RaidaExplBoots,"Raida Explorer Boots Grey",UK9,0.0000,
RaidaExplBoots,"Raida Explorer Boots Grey",UK10,1.0000,
RaidaExplBoots,"Raida Explorer Boots Grey",UK11,0.0000,
RaidaExplBoots,"Raida Explorer Boots Grey",UK12,0.0000,
